split,class,label,source_video,sequence_index,sequence_file,fps,image_width,image_height,sequence_length,stride
train,accident,1,WhatsApp Video 2026-09-08 at 3.17.04 PM.mp4,0,preprocessed_clean\train_10fps_160x160\accident\WhatsApp Video 2026-09-08 at 3.17.04 PM_seq_0000.npz,10,160,160,16,16
train,accident,1,WhatsApp Video 2026-09-08 at 3.17.04 PM.mp4,1,preprocessed_clean\train_10fps_160x160\accident\WhatsApp Video 2026-09-08 at 3.17.04 PM_seq_0001.npz,10,160,160,16,16
train,accident,1,WhatsApp Video 2026-09-08 at 3.17.04 PM.mp4,2,preprocessed_clean\train_10fps_160x160\accident\WhatsApp Video 2026-09-08 at 3.17.04 PM_seq_0002.npz,10,160,160,16,16
train,accident,1,WhatsApp Video 2026-09-08 at 3.17.04 PM.mp4,3,preprocessed_clean\train_10fps_160x160\accident\WhatsApp Video 2026-09-08 at 3.17.04 PM_seq_0003.npz,10,160,160,16,16
train,accident,1,WhatsApp Video 2026-09-08 at 3.17.05 PM.mp4,0,preprocessed_clean\train_10fps_160x160\accident\WhatsApp Video 2026-09-08 at 3.17.05 PM_seq_0000.npz,10,160,160,16,16
train,accident,1,WhatsApp Video 2026-09-08 at 3.17.05 PM.mp4,1,preprocessed_clean\train_10fps_160x160\accident\WhatsApp Video 2026-09-08 at 3.17.05 PM_seq_0001.npz,10,160,160,16,16
train,accident,1,WhatsApp Video 2026-09-08 at 3.17.05 PM.mp4,2,preprocessed_clean\train_10fps_160x160\accident\WhatsApp Video 2026-09-08 at 3.17.05 PM_seq_0002.npz,10,160,160,16,16
train,accident,1,WhatsApp Video 2026-09-08 at 3.17.06 PM.mp4,0,preprocessed_clean\train_10fps_160x160\accident\WhatsApp Video 2026-09-08 at 3.17.06 PM_seq_0000.npz,10,160,160,16,16
train,accident,1,WhatsApp Video 2026-09-08 at 3.17.06 PM.mp4,1,preprocessed_clean\train_10fps_160x160\accident\WhatsApp Video 2026-09-08 at 3.17.06 PM_seq_0001.npz,10,160,160,16,16
train,accident,1,WhatsApp Video 2026-09-08 at 3.17.06 PM.mp4,2,preprocessed_clean\train_10fps_160x160\accident\WhatsApp Video 2026-09-08 at 3.17.06 PM_seq_0002.npz,10,160,160,16,16
train,accident,1,WhatsApp Video 2026-09-08 at 3.17.07 PM (1).mp4,0,preprocessed_clean\train_10fps_160x160\accident\WhatsApp Video 2026-09-08 at 3.17.07 PM (1)_seq_0000.npz,10,160,160,16,16
train,accident,1,WhatsApp Video 2026-09-08 at 3.17.07 PM (1).mp4,1,preprocessed_clean\train_10fps_160x160\accident\WhatsApp Video 2026-09-08 at 3.17.07 PM (1)_seq_0001.npz,10,160,160,16,16
train,accident,1,WhatsApp Video 2026-09-08 at 3.17.07 PM (1).mp4,2,preprocessed_clean\train_10fps_160x160\accident\WhatsApp Video 2026-09-08 at 3.17.07 PM (1)_seq_0002.npz,10,160,160,16,16
train,accident,1,WhatsApp Video 2026-09-08 at 3.17.07 PM (2).mp4,0,preprocessed_clean\train_10fps_160x160\accident\WhatsApp Video 2026-09-08 at 3.17.07 PM (2)_seq_0000.npz,10,160,160,16,16
train,accident,1,WhatsApp Video 2026-09-08 at 3.17.07 PM (2).mp4,1,preprocessed_clean\train_10fps_160x160\accident\WhatsApp Video 2026-09-08 at 3.17.07 PM (2)_seq_0001.npz,10,160,160,16,16
train,accident,1,WhatsApp Video 2026-09-08 at 3.17.07 PM (2).mp4,2,preprocessed_clean\train_10fps_160x160\accident\WhatsApp Video 2026-09-08 at 3.17.07 PM (2)_seq_0002.npz,10,160,160,16,16
train,accident,1,WhatsApp Video 2026-09-08 at 3.17.07 PM.mp4,0,preprocessed_clean\train_10fps_160x160\accident\WhatsApp Video 2026-09-08 at 3.17.07 PM_seq_0000.npz,10,160,160,16,16
train,accident,1,WhatsApp Video 2026-09-08 at 3.17.07 PM.mp4,1,preprocessed_clean\train_10fps_160x160\accident\WhatsApp Video 2026-09-08 at 3.17.07 PM_seq_0001.npz,10,160,160,16,16
train,accident,1,WhatsApp Video 2026-09-08 at 3.17.07 PM.mp4,2,preprocessed_clean\train_10fps_160x160\accident\WhatsApp Video 2026-09-08 at 3.17.07 PM_seq_0002.npz,10,160,160,16,16
train,accident,1,WhatsApp Video 2026-09-08 at 3.17.07 PM.mp4,3,preprocessed_clean\train_10fps_160x160\accident\WhatsApp Video 2026-09-08 at 3.17.07 PM_seq_0003.npz,10,160,160,16,16
train,accident,1,WhatsApp Video 2026-09-08 at 3.17.08 PM (1).mp4,0,preprocessed_clean\train_10fps_160x160\accident\WhatsApp Video 2026-09-08 at 3.17.08 PM (1)_seq_0000.npz,10,160,160,16,16
train,accident,1,WhatsApp Video 2026-09-08 at 3.17.08 PM (1).mp4,1,preprocessed_clean\train_10fps_160x160\accident\WhatsApp Video 2026-09-08 at 3.17.08 PM (1)_seq_0001.npz,10,160,160,16,16
train,accident,1,WhatsApp Video 2026-09-08 at 3.17.08 PM (1).mp4,2,preprocessed_clean\train_10fps_160x160\accident\WhatsApp Video 2026-09-08 at 3.17.08 PM (1)_seq_0002.npz,10,160,160,16,16
train,accident,1,WhatsApp Video 2026-09-08 at 3.17.08 PM.mp4,0,preprocessed_clean\train_10fps_160x160\accident\WhatsApp Video 2026-09-08 at 3.17.08 PM_seq_0000.npz,10,160,160,16,16
train,accident,1,WhatsApp Video 2026-09-08 at 3.17.08 PM.mp4,1,preprocessed_clean\train_10fps_160x160\accident\WhatsApp Video 2026-09-08 at 3.17.08 PM_seq_0001.npz,10,160,160,16,16
train,accident,1,WhatsApp Video 2026-09-08 at 3.17.09 PM (2).mp4,0,preprocessed_clean\train_10fps_160x160\accident\WhatsApp Video 2026-09-08 at 3.17.09 PM (2)_seq_0000.npz,10,160,160,16,16
train,accident,1,WhatsApp Video 2026-09-08 at 3.17.09 PM (2).mp4,1,preprocessed_clean\train_10fps_160x160\accident\WhatsApp Video 2026-09-08 at 3.17.09 PM (2)_seq_0001.npz,10,160,160,16,16
train,accident,1,WhatsApp Video 2026-09-08 at 3.17.09 PM (2).mp4,2,preprocessed_clean\train_10fps_160x160\accident\WhatsApp Video 2026-09-08 at 3.17.09 PM (2)_seq_0002.npz,10,160,160,16,16
train,accident,1,WhatsApp Video 2026-09-08 at 3.17.10 PM.mp4,0,preprocessed_clean\train_10fps_160x160\accident\WhatsApp Video 2026-09-08 at 3.17.10 PM_seq_0000.npz,10,160,160,16,16
train,accident,1,WhatsApp Video 2026-09-08 at 3.17.10 PM.mp4,1,preprocessed_clean\train_10fps_160x160\accident\WhatsApp Video 2026-09-08 at 3.17.10 PM_seq_0001.npz,10,160,160,16,16
train,accident,1,WhatsApp Video 2026-09-08 at 3.17.11 PM (1).mp4,0,preprocessed_clean\train_10fps_160x160\accident\WhatsApp Video 2026-09-08 at 3.17.11 PM (1)_seq_0000.npz,10,160,160,16,16
train,accident,1,WhatsApp Video 2026-09-08 at 3.17.11 PM (1).mp4,1,preprocessed_clean\train_10fps_160x160\accident\WhatsApp Video 2026-09-08 at 3.17.11 PM (1)_seq_0001.npz,10,160,160,16,16
train,accident,1,WhatsApp Video 2026-09-08 at 3.17.11 PM.mp4,0,preprocessed_clean\train_10fps_160x160\accident\WhatsApp Video 2026-09-08 at 3.17.11 PM_seq_0000.npz,10,160,160,16,16
train,accident,1,WhatsApp Video 2026-09-08 at 3.17.11 PM.mp4,1,preprocessed_clean\train_10fps_160x160\accident\WhatsApp Video 2026-09-08 at 3.17.11 PM_seq_0001.npz,10,160,160,16,16
train,accident,1,WhatsApp Video 2026-09-08 at 3.17.11 PM.mp4,2,preprocessed_clean\train_10fps_160x160\accident\WhatsApp Video 2026-09-08 at 3.17.11 PM_seq_0002.npz,10,160,160,16,16
train,accident,1,WhatsApp Video 2026-09-08 at 3.17.12 PM.mp4,0,preprocessed_clean\train_10fps_160x160\accident\WhatsApp Video 2026-09-08 at 3.17.12 PM_seq_0000.npz,10,160,160,16,16
train,accident,1,WhatsApp Video 2026-09-08 at 3.17.12 PM.mp4,1,preprocessed_clean\train_10fps_160x160\accident\WhatsApp Video 2026-09-08 at 3.17.12 PM_seq_0001.npz,10,160,160,16,16
train,accident,1,WhatsApp Video 2026-09-08 at 3.17.12 PM.mp4,2,preprocessed_clean\train_10fps_160x160\accident\WhatsApp Video 2026-09-08 at 3.17.12 PM_seq_0002.npz,10,160,160,16,16
train,accident,1,WhatsApp Video 2026-09-08 at 3.22.35 PM.mp4,0,preprocessed_clean\train_10fps_160x160\accident\WhatsApp Video 2026-09-08 at 3.22.35 PM_seq_0000.npz,10,160,160,16,16
train,accident,1,WhatsApp Video 2026-09-08 at 3.22.35 PM.mp4,1,preprocessed_clean\train_10fps_160x160\accident\WhatsApp Video 2026-09-08 at 3.22.35 PM_seq_0001.npz,10,160,160,16,16
train,accident,1,WhatsApp Video 2026-09-08 at 3.22.35 PM.mp4,2,preprocessed_clean\train_10fps_160x160\accident\WhatsApp Video 2026-09-08 at 3.22.35 PM_seq_0002.npz,10,160,160,16,16
train,accident,1,WhatsApp Video 2026-09-08 at 3.22.35 PM.mp4,3,preprocessed_clean\train_10fps_160x160\accident\WhatsApp Video 2026-09-08 at 3.22.35 PM_seq_0003.npz,10,160,160,16,16
train,accident,1,WhatsApp Video 2026-09-08 at 3.22.36 PM (1).mp4,0,preprocessed_clean\train_10fps_160x160\accident\WhatsApp Video 2026-09-08 at 3.22.36 PM (1)_seq_0000.npz,10,160,160,16,16
train,accident,1,WhatsApp Video 2026-09-08 at 3.22.36 PM (1).mp4,1,preprocessed_clean\train_10fps_160x160\accident\WhatsApp Video 2026-09-08 at 3.22.36 PM (1)_seq_0001.npz,10,160,160,16,16
train,accident,1,WhatsApp Video 2026-09-08 at 3.22.36 PM (1).mp4,2,preprocessed_clean\train_10fps_160x160\accident\WhatsApp Video 2026-09-08 at 3.22.36 PM (1)_seq_0002.npz,10,160,160,16,16
train,accident,1,WhatsApp Video 2026-09-08 at 3.22.36 PM (2).mp4,0,preprocessed_clean\train_10fps_160x160\accident\WhatsApp Video 2026-09-08 at 3.22.36 PM (2)_seq_0000.npz,10,160,160,16,16
train,accident,1,WhatsApp Video 2026-09-08 at 3.22.36 PM (2).mp4,1,preprocessed_clean\train_10fps_160x160\accident\WhatsApp Video 2026-09-08 at 3.22.36 PM (2)_seq_0001.npz,10,160,160,16,16
train,accident,1,WhatsApp Video 2026-09-08 at 3.22.36 PM.mp4,0,preprocessed_clean\train_10fps_160x160\accident\WhatsApp Video 2026-09-08 at 3.22.36 PM_seq_0000.npz,10,160,160,16,16
train,accident,1,WhatsApp Video 2026-09-08 at 3.22.37 PM (1).mp4,0,preprocessed_clean\train_10fps_160x160\accident\WhatsApp Video 2026-09-08 at 3.22.37 PM (1)_seq_0000.npz,10,160,160,16,16
train,accident,1,WhatsApp Video 2026-09-08 at 3.22.37 PM (1).mp4,1,preprocessed_clean\train_10fps_160x160\accident\WhatsApp Video 2026-09-08 at 3.22.37 PM (1)_seq_0001.npz,10,160,160,16,16
train,accident,1,WhatsApp Video 2026-09-08 at 3.22.37 PM (1).mp4,2,preprocessed_clean\train_10fps_160x160\accident\WhatsApp Video 2026-09-08 at 3.22.37 PM (1)_seq_0002.npz,10,160,160,16,16
train,accident,1,WhatsApp Video 2026-09-08 at 3.22.37 PM (1).mp4,3,preprocessed_clean\train_10fps_160x160\accident\WhatsApp Video 2026-09-08 at 3.22.37 PM (1)_seq_0003.npz,10,160,160,16,16
train,accident,1,WhatsApp Video 2026-09-08 at 3.22.37 PM (1).mp4,4,preprocessed_clean\train_10fps_160x160\accident\WhatsApp Video 2026-09-08 at 3.22.37 PM (1)_seq_0004.npz,10,160,160,16,16
train,accident,1,WhatsApp Video 2026-09-08 at 3.22.37 PM (2).mp4,0,preprocessed_clean\train_10fps_160x160\accident\WhatsApp Video 2026-09-08 at 3.22.37 PM (2)_seq_0000.npz,10,160,160,16,16
train,accident,1,WhatsApp Video 2026-09-08 at 3.22.37 PM (2).mp4,1,preprocessed_clean\train_10fps_160x160\accident\WhatsApp Video 2026-09-08 at 3.22.37 PM (2)_seq_0001.npz,10,160,160,16,16
train,accident,1,WhatsApp Video 2026-09-08 at 3.22.37 PM (2).mp4,2,preprocessed_clean\train_10fps_160x160\accident\WhatsApp Video 2026-09-08 at 3.22.37 PM (2)_seq_0002.npz,10,160,160,16,16
train,accident,1,WhatsApp Video 2026-09-08 at 3.22.39 PM.mp4,0,preprocessed_clean\train_10fps_160x160\accident\WhatsApp Video 2026-09-08 at 3.22.39 PM_seq_0000.npz,10,160,160,16,16
train,accident,1,WhatsApp Video 2026-09-08 at 3.22.39 PM.mp4,1,preprocessed_clean\train_10fps_160x160\accident\WhatsApp Video 2026-09-08 at 3.22.39 PM_seq_0001.npz,10,160,160,16,16
train,accident,1,WhatsApp Video 2026-09-08 at 3.22.40 PM (2).mp4,0,preprocessed_clean\train_10fps_160x160\accident\WhatsApp Video 2026-09-08 at 3.22.40 PM (2)_seq_0000.npz,10,160,160,16,16
train,accident,1,WhatsApp Video 2026-09-08 at 3.22.40 PM (2).mp4,1,preprocessed_clean\train_10fps_160x160\accident\WhatsApp Video 2026-09-08 at 3.22.40 PM (2)_seq_0001.npz,10,160,160,16,16
train,accident,1,WhatsApp Video 2026-09-08 at 3.22.40 PM (2).mp4,2,preprocessed_clean\train_10fps_160x160\accident\WhatsApp Video 2026-09-08 at 3.22.40 PM (2)_seq_0002.npz,10,160,160,16,16
train,accident,1,WhatsApp Video 2026-09-08 at 3.22.40 PM.mp4,0,preprocessed_clean\train_10fps_160x160\accident\WhatsApp Video 2026-09-08 at 3.22.40 PM_seq_0000.npz,10,160,160,16,16
train,accident,1,WhatsApp Video 2026-09-08 at 3.22.40 PM.mp4,1,preprocessed_clean\train_10fps_160x160\accident\WhatsApp Video 2026-09-08 at 3.22.40 PM_seq_0001.npz,10,160,160,16,16
train,accident,1,WhatsApp Video 2026-09-08 at 3.22.40 PM.mp4,2,preprocessed_clean\train_10fps_160x160\accident\WhatsApp Video 2026-09-08 at 3.22.40 PM_seq_0002.npz,10,160,160,16,16
train,accident,1,WhatsApp Video 2026-09-08 at 3.22.40 PM.mp4,3,preprocessed_clean\train_10fps_160x160\accident\WhatsApp Video 2026-09-08 at 3.22.40 PM_seq_0003.npz,10,160,160,16,16
train,accident,1,WhatsApp Video 2026-09-08 at 3.22.40 PM.mp4,4,preprocessed_clean\train_10fps_160x160\accident\WhatsApp Video 2026-09-08 at 3.22.40 PM_seq_0004.npz,10,160,160,16,16
train,accident,1,WhatsApp Video 2026-09-08 at 3.22.41 PM.mp4,0,preprocessed_clean\train_10fps_160x160\accident\WhatsApp Video 2026-09-08 at 3.22.41 PM_seq_0000.npz,10,160,160,16,16
train,accident,1,WhatsApp Video 2026-09-08 at 3.22.41 PM.mp4,1,preprocessed_clean\train_10fps_160x160\accident\WhatsApp Video 2026-09-08 at 3.22.41 PM_seq_0001.npz,10,160,160,16,16
train,accident,1,WhatsApp Video 2026-09-08 at 3.22.41 PM.mp4,2,preprocessed_clean\train_10fps_160x160\accident\WhatsApp Video 2026-09-08 at 3.22.41 PM_seq_0002.npz,10,160,160,16,16
train,accident,1,WhatsApp Video 2026-09-08 at 3.22.41 PM.mp4,3,preprocessed_clean\train_10fps_160x160\accident\WhatsApp Video 2026-09-08 at 3.22.41 PM_seq_0003.npz,10,160,160,16,16
train,accident,1,WhatsApp Video 2026-09-08 at 3.22.42 PM (1).mp4,0,preprocessed_clean\train_10fps_160x160\accident\WhatsApp Video 2026-09-08 at 3.22.42 PM (1)_seq_0000.npz,10,160,160,16,16
train,accident,1,WhatsApp Video 2026-09-08 at 3.22.42 PM (1).mp4,1,preprocessed_clean\train_10fps_160x160\accident\WhatsApp Video 2026-09-08 at 3.22.42 PM (1)_seq_0001.npz,10,160,160,16,16
train,accident,1,WhatsApp Video 2026-09-08 at 3.22.42 PM (1).mp4,2,preprocessed_clean\train_10fps_160x160\accident\WhatsApp Video 2026-09-08 at 3.22.42 PM (1)_seq_0002.npz,10,160,160,16,16
train,accident,1,WhatsApp Video 2026-09-08 at 3.22.42 PM (1).mp4,3,preprocessed_clean\train_10fps_160x160\accident\WhatsApp Video 2026-09-08 at 3.22.42 PM (1)_seq_0003.npz,10,160,160,16,16
train,accident,1,WhatsApp Video 2026-09-08 at 3.22.42 PM (2).mp4,0,preprocessed_clean\train_10fps_160x160\accident\WhatsApp Video 2026-09-08 at 3.22.42 PM (2)_seq_0000.npz,10,160,160,16,16
train,accident,1,WhatsApp Video 2026-09-08 at 3.22.42 PM (2).mp4,1,preprocessed_clean\train_10fps_160x160\accident\WhatsApp Video 2026-09-08 at 3.22.42 PM (2)_seq_0001.npz,10,160,160,16,16
train,accident,1,WhatsApp Video 2026-09-08 at 3.22.42 PM (2).mp4,2,preprocessed_clean\train_10fps_160x160\accident\WhatsApp Video 2026-09-08 at 3.22.42 PM (2)_seq_0002.npz,10,160,160,16,16
train,accident,1,WhatsApp Video 2026-09-08 at 3.22.42 PM (2).mp4,3,preprocessed_clean\train_10fps_160x160\accident\WhatsApp Video 2026-09-08 at 3.22.42 PM (2)_seq_0003.npz,10,160,160,16,16
train,accident,1,WhatsApp Video 2026-09-08 at 3.22.42 PM (2).mp4,4,preprocessed_clean\train_10fps_160x160\accident\WhatsApp Video 2026-09-08 at 3.22.42 PM (2)_seq_0004.npz,10,160,160,16,16
train,accident,1,WhatsApp Video 2026-09-08 at 3.22.42 PM (2).mp4,5,preprocessed_clean\train_10fps_160x160\accident\WhatsApp Video 2026-09-08 at 3.22.42 PM (2)_seq_0005.npz,10,160,160,16,16
train,accident,1,WhatsApp Video 2026-09-08 at 3.22.42 PM.mp4,0,preprocessed_clean\train_10fps_160x160\accident\WhatsApp Video 2026-09-08 at 3.22.42 PM_seq_0000.npz,10,160,160,16,16
train,accident,1,WhatsApp Video 2026-09-08 at 3.22.42 PM.mp4,1,preprocessed_clean\train_10fps_160x160\accident\WhatsApp Video 2026-09-08 at 3.22.42 PM_seq_0001.npz,10,160,160,16,16
train,accident,1,WhatsApp Video 2026-09-08 at 3.22.42 PM.mp4,2,preprocessed_clean\train_10fps_160x160\accident\WhatsApp Video 2026-09-08 at 3.22.42 PM_seq_0002.npz,10,160,160,16,16
train,accident,1,WhatsApp Video 2026-09-08 at 3.22.42 PM.mp4,3,preprocessed_clean\train_10fps_160x160\accident\WhatsApp Video 2026-09-08 at 3.22.42 PM_seq_0003.npz,10,160,160,16,16
train,accident,1,WhatsApp Video 2026-09-08 at 3.23.07 PM.mp4,0,preprocessed_clean\train_10fps_160x160\accident\WhatsApp Video 2026-09-08 at 3.23.07 PM_seq_0000.npz,10,160,160,16,16
train,accident,1,WhatsApp Video 2026-09-08 at 3.23.07 PM.mp4,1,preprocessed_clean\train_10fps_160x160\accident\WhatsApp Video 2026-09-08 at 3.23.07 PM_seq_0001.npz,10,160,160,16,16
train,accident,1,WhatsApp Video 2026-09-08 at 3.23.07 PM.mp4,2,preprocessed_clean\train_10fps_160x160\accident\WhatsApp Video 2026-09-08 at 3.23.07 PM_seq_0002.npz,10,160,160,16,16
train,accident,1,WhatsApp Video 2026-09-08 at 3.33.42 PM (1).mp4,0,preprocessed_clean\train_10fps_160x160\accident\WhatsApp Video 2026-09-08 at 3.33.42 PM (1)_seq_0000.npz,10,160,160,16,16
train,accident,1,WhatsApp Video 2026-09-08 at 3.33.42 PM (1).mp4,1,preprocessed_clean\train_10fps_160x160\accident\WhatsApp Video 2026-09-08 at 3.33.42 PM (1)_seq_0001.npz,10,160,160,16,16
train,accident,1,WhatsApp Video 2026-09-08 at 3.33.42 PM (1).mp4,2,preprocessed_clean\train_10fps_160x160\accident\WhatsApp Video 2026-09-08 at 3.33.42 PM (1)_seq_0002.npz,10,160,160,16,16
train,accident,1,WhatsApp Video 2026-09-08 at 3.33.42 PM (1).mp4,3,preprocessed_clean\train_10fps_160x160\accident\WhatsApp Video 2026-09-08 at 3.33.42 PM (1)_seq_0003.npz,10,160,160,16,16
train,accident,1,WhatsApp Video 2026-09-08 at 3.33.42 PM (1).mp4,4,preprocessed_clean\train_10fps_160x160\accident\WhatsApp Video 2026-09-08 at 3.33.42 PM (1)_seq_0004.npz,10,160,160,16,16
train,accident,1,WhatsApp Video 2026-09-08 at 3.33.42 PM (1).mp4,5,preprocessed_clean\train_10fps_160x160\accident\WhatsApp Video 2026-09-08 at 3.33.42 PM (1)_seq_0005.npz,10,160,160,16,16
train,accident,1,WhatsApp Video 2026-09-08 at 3.33.42 PM (1).mp4,6,preprocessed_clean\train_10fps_160x160\accident\WhatsApp Video 2026-09-08 at 3.33.42 PM (1)_seq_0006.npz,10,160,160,16,16
train,accident,1,WhatsApp Video 2026-09-08 at 3.33.42 PM (1).mp4,7,preprocessed_clean\train_10fps_160x160\accident\WhatsApp Video 2026-09-08 at 3.33.42 PM (1)_seq_0007.npz,10,160,160,16,16
train,accident,1,WhatsApp Video 2026-09-08 at 3.33.42 PM (1).mp4,8,preprocessed_clean\train_10fps_160x160\accident\WhatsApp Video 2026-09-08 at 3.33.42 PM (1)_seq_0008.npz,10,160,160,16,16
train,accident,1,WhatsApp Video 2026-09-08 at 3.33.42 PM (1).mp4,9,preprocessed_clean\train_10fps_160x160\accident\WhatsApp Video 2026-09-08 at 3.33.42 PM (1)_seq_0009.npz,10,160,160,16,16
train,accident,1,WhatsApp Video 2026-09-08 at 3.33.42 PM (1).mp4,10,preprocessed_clean\train_10fps_160x160\accident\WhatsApp Video 2026-09-08 at 3.33.42 PM (1)_seq_0010.npz,10,160,160,16,16
train,accident,1,WhatsApp Video 2026-09-08 at 3.33.42 PM (1).mp4,11,preprocessed_clean\train_10fps_160x160\accident\WhatsApp Video 2026-09-08 at 3.33.42 PM (1)_seq_0011.npz,10,160,160,16,16
train,accident,1,WhatsApp Video 2026-09-08 at 3.33.42 PM (1).mp4,12,preprocessed_clean\train_10fps_160x160\accident\WhatsApp Video 2026-09-08 at 3.33.42 PM (1)_seq_0012.npz,10,160,160,16,16
train,accident,1,WhatsApp Video 2026-09-08 at 3.33.42 PM (1).mp4,13,preprocessed_clean\train_10fps_160x160\accident\WhatsApp Video 2026-09-08 at 3.33.42 PM (1)_seq_0013.npz,10,160,160,16,16
train,accident,1,WhatsApp Video 2026-09-08 at 3.33.42 PM (1).mp4,14,preprocessed_clean\train_10fps_160x160\accident\WhatsApp Video 2026-09-08 at 3.33.42 PM (1)_seq_0014.npz,10,160,160,16,16
train,accident,1,WhatsApp Video 2026-09-08 at 3.33.42 PM (1).mp4,15,preprocessed_clean\train_10fps_160x160\accident\WhatsApp Video 2026-09-08 at 3.33.42 PM (1)_seq_0015.npz,10,160,160,16,16
train,accident,1,WhatsApp Video 2026-09-08 at 3.33.42 PM (1).mp4,16,preprocessed_clean\train_10fps_160x160\accident\WhatsApp Video 2026-09-08 at 3.33.42 PM (1)_seq_0016.npz,10,160,160,16,16
train,accident,1,WhatsApp Video 2026-09-08 at 3.33.42 PM (1).mp4,17,preprocessed_clean\train_10fps_160x160\accident\WhatsApp Video 2026-09-08 at 3.33.42 PM (1)_seq_0017.npz,10,160,160,16,16
train,accident,1,WhatsApp Video 2026-09-08 at 3.33.42 PM.mp4,0,preprocessed_clean\train_10fps_160x160\accident\WhatsApp Video 2026-09-08 at 3.33.42 PM_seq_0000.npz,10,160,160,16,16
train,accident,1,WhatsApp Video 2026-09-08 at 3.33.42 PM.mp4,1,preprocessed_clean\train_10fps_160x160\accident\WhatsApp Video 2026-09-08 at 3.33.42 PM_seq_0001.npz,10,160,160,16,16
train,accident,1,WhatsApp Video 2026-09-08 at 3.33.42 PM.mp4,2,preprocessed_clean\train_10fps_160x160\accident\WhatsApp Video 2026-09-08 at 3.33.42 PM_seq_0002.npz,10,160,160,16,16
train,accident,1,WhatsApp Video 2026-09-09 at 10.08.46 PM (1).mp4,0,preprocessed_clean\train_10fps_160x160\accident\WhatsApp Video 2026-09-09 at 10.08.46 PM (1)_seq_0000.npz,10,160,160,16,16
train,accident,1,WhatsApp Video 2026-09-09 at 10.08.46 PM (1).mp4,1,preprocessed_clean\train_10fps_160x160\accident\WhatsApp Video 2026-09-09 at 10.08.46 PM (1)_seq_0001.npz,10,160,160,16,16
train,accident,1,WhatsApp Video 2026-09-09 at 10.08.46 PM (1).mp4,2,preprocessed_clean\train_10fps_160x160\accident\WhatsApp Video 2026-09-09 at 10.08.46 PM (1)_seq_0002.npz,10,160,160,16,16
train,accident,1,WhatsApp Video 2026-09-09 at 10.08.46 PM (1).mp4,3,preprocessed_clean\train_10fps_160x160\accident\WhatsApp Video 2026-09-09 at 10.08.46 PM (1)_seq_0003.npz,10,160,160,16,16
train,accident,1,WhatsApp Video 2026-09-09 at 10.08.46 PM (2).mp4,0,preprocessed_clean\train_10fps_160x160\accident\WhatsApp Video 2026-09-09 at 10.08.46 PM (2)_seq_0000.npz,10,160,160,16,16
train,accident,1,WhatsApp Video 2026-09-09 at 10.08.46 PM (2).mp4,1,preprocessed_clean\train_10fps_160x160\accident\WhatsApp Video 2026-09-09 at 10.08.46 PM (2)_seq_0001.npz,10,160,160,16,16
train,accident,1,WhatsApp Video 2026-09-09 at 10.08.46 PM (2).mp4,2,preprocessed_clean\train_10fps_160x160\accident\WhatsApp Video 2026-09-09 at 10.08.46 PM (2)_seq_0002.npz,10,160,160,16,16
train,accident,1,WhatsApp Video 2026-09-09 at 10.08.46 PM.mp4,0,preprocessed_clean\train_10fps_160x160\accident\WhatsApp Video 2026-09-09 at 10.08.46 PM_seq_0000.npz,10,160,160,16,16
train,accident,1,WhatsApp Video 2026-09-09 at 10.08.46 PM.mp4,1,preprocessed_clean\train_10fps_160x160\accident\WhatsApp Video 2026-09-09 at 10.08.46 PM_seq_0001.npz,10,160,160,16,16
train,accident,1,WhatsApp Video 2026-09-09 at 10.08.46 PM.mp4,2,preprocessed_clean\train_10fps_160x160\accident\WhatsApp Video 2026-09-09 at 10.08.46 PM_seq_0002.npz,10,160,160,16,16
train,accident,1,WhatsApp Video 2026-09-09 at 10.08.47 PM (1).mp4,0,preprocessed_clean\train_10fps_160x160\accident\WhatsApp Video 2026-09-09 at 10.08.47 PM (1)_seq_0000.npz,10,160,160,16,16
train,accident,1,WhatsApp Video 2026-09-09 at 10.08.47 PM (1).mp4,1,preprocessed_clean\train_10fps_160x160\accident\WhatsApp Video 2026-09-09 at 10.08.47 PM (1)_seq_0001.npz,10,160,160,16,16
train,accident,1,WhatsApp Video 2026-09-09 at 10.08.47 PM (2).mp4,0,preprocessed_clean\train_10fps_160x160\accident\WhatsApp Video 2026-09-09 at 10.08.47 PM (2)_seq_0000.npz,10,160,160,16,16
train,accident,1,WhatsApp Video 2026-09-09 at 10.08.47 PM.mp4,0,preprocessed_clean\train_10fps_160x160\accident\WhatsApp Video 2026-09-09 at 10.08.47 PM_seq_0000.npz,10,160,160,16,16
train,accident,1,WhatsApp Video 2026-09-09 at 10.08.47 PM.mp4,1,preprocessed_clean\train_10fps_160x160\accident\WhatsApp Video 2026-09-09 at 10.08.47 PM_seq_0001.npz,10,160,160,16,16
train,accident,1,WhatsApp Video 2026-09-09 at 10.08.47 PM.mp4,2,preprocessed_clean\train_10fps_160x160\accident\WhatsApp Video 2026-09-09 at 10.08.47 PM_seq_0002.npz,10,160,160,16,16
train,accident,1,WhatsApp Video 2026-09-09 at 10.08.48 PM (1).mp4,0,preprocessed_clean\train_10fps_160x160\accident\WhatsApp Video 2026-09-09 at 10.08.48 PM (1)_seq_0000.npz,10,160,160,16,16
train,accident,1,WhatsApp Video 2026-09-09 at 10.08.48 PM (1).mp4,1,preprocessed_clean\train_10fps_160x160\accident\WhatsApp Video 2026-09-09 at 10.08.48 PM (1)_seq_0001.npz,10,160,160,16,16
train,accident,1,WhatsApp Video 2026-09-09 at 10.08.48 PM (2).mp4,0,preprocessed_clean\train_10fps_160x160\accident\WhatsApp Video 2026-09-09 at 10.08.48 PM (2)_seq_0000.npz,10,160,160,16,16
train,accident,1,WhatsApp Video 2026-09-09 at 10.08.48 PM (2).mp4,1,preprocessed_clean\train_10fps_160x160\accident\WhatsApp Video 2026-09-09 at 10.08.48 PM (2)_seq_0001.npz,10,160,160,16,16
train,accident,1,WhatsApp Video 2026-09-09 at 10.08.48 PM (2).mp4,2,preprocessed_clean\train_10fps_160x160\accident\WhatsApp Video 2026-09-09 at 10.08.48 PM (2)_seq_0002.npz,10,160,160,16,16
train,accident,1,WhatsApp Video 2026-09-09 at 10.20.31 PM.mp4,0,preprocessed_clean\train_10fps_160x160\accident\WhatsApp Video 2026-09-09 at 10.20.31 PM_seq_0000.npz,10,160,160,16,16
train,accident,1,WhatsApp Video 2026-09-09 at 10.20.31 PM.mp4,1,preprocessed_clean\train_10fps_160x160\accident\WhatsApp Video 2026-09-09 at 10.20.31 PM_seq_0001.npz,10,160,160,16,16
train,accident,1,WhatsApp Video 2026-09-09 at 10.20.31 PM.mp4,2,preprocessed_clean\train_10fps_160x160\accident\WhatsApp Video 2026-09-09 at 10.20.31 PM_seq_0002.npz,10,160,160,16,16
train,accident,1,WhatsApp Video 2026-09-09 at 10.20.31 PM.mp4,3,preprocessed_clean\train_10fps_160x160\accident\WhatsApp Video 2026-09-09 at 10.20.31 PM_seq_0003.npz,10,160,160,16,16
train,accident,1,WhatsApp Video 2026-09-09 at 10.20.34 PM.mp4,0,preprocessed_clean\train_10fps_160x160\accident\WhatsApp Video 2026-09-09 at 10.20.34 PM_seq_0000.npz,10,160,160,16,16
train,accident,1,WhatsApp Video 2026-09-09 at 10.20.34 PM.mp4,1,preprocessed_clean\train_10fps_160x160\accident\WhatsApp Video 2026-09-09 at 10.20.34 PM_seq_0001.npz,10,160,160,16,16
train,accident,1,WhatsApp Video 2026-09-09 at 10.20.34 PM.mp4,2,preprocessed_clean\train_10fps_160x160\accident\WhatsApp Video 2026-09-09 at 10.20.34 PM_seq_0002.npz,10,160,160,16,16
train,accident,1,WhatsApp Video 2026-09-09 at 10.21.38 PM (1).mp4,0,preprocessed_clean\train_10fps_160x160\accident\WhatsApp Video 2026-09-09 at 10.21.38 PM (1)_seq_0000.npz,10,160,160,16,16
train,accident,1,WhatsApp Video 2026-09-09 at 10.21.38 PM (1).mp4,1,preprocessed_clean\train_10fps_160x160\accident\WhatsApp Video 2026-09-09 at 10.21.38 PM (1)_seq_0001.npz,10,160,160,16,16
train,accident,1,WhatsApp Video 2026-09-09 at 10.21.38 PM (1).mp4,2,preprocessed_clean\train_10fps_160x160\accident\WhatsApp Video 2026-09-09 at 10.21.38 PM (1)_seq_0002.npz,10,160,160,16,16
train,accident,1,WhatsApp Video 2026-09-09 at 10.21.38 PM (1).mp4,3,preprocessed_clean\train_10fps_160x160\accident\WhatsApp Video 2026-09-09 at 10.21.38 PM (1)_seq_0003.npz,10,160,160,16,16
train,accident,1,WhatsApp Video 2026-09-09 at 10.21.38 PM.mp4,0,preprocessed_clean\train_10fps_160x160\accident\WhatsApp Video 2026-09-09 at 10.21.38 PM_seq_0000.npz,10,160,160,16,16
train,accident,1,WhatsApp Video 2026-09-09 at 10.21.38 PM.mp4,1,preprocessed_clean\train_10fps_160x160\accident\WhatsApp Video 2026-09-09 at 10.21.38 PM_seq_0001.npz,10,160,160,16,16
train,accident,1,WhatsApp Video 2026-09-09 at 10.21.38 PM.mp4,2,preprocessed_clean\train_10fps_160x160\accident\WhatsApp Video 2026-09-09 at 10.21.38 PM_seq_0002.npz,10,160,160,16,16
train,accident,1,WhatsApp Video 2026-09-09 at 10.21.39 PM (1).mp4,0,preprocessed_clean\train_10fps_160x160\accident\WhatsApp Video 2026-09-09 at 10.21.39 PM (1)_seq_0000.npz,10,160,160,16,16
train,accident,1,WhatsApp Video 2026-09-09 at 10.21.39 PM (1).mp4,1,preprocessed_clean\train_10fps_160x160\accident\WhatsApp Video 2026-09-09 at 10.21.39 PM (1)_seq_0001.npz,10,160,160,16,16
train,accident,1,WhatsApp Video 2026-09-09 at 10.21.39 PM (1).mp4,2,preprocessed_clean\train_10fps_160x160\accident\WhatsApp Video 2026-09-09 at 10.21.39 PM (1)_seq_0002.npz,10,160,160,16,16
train,accident,1,WhatsApp Video 2026-09-09 at 10.21.39 PM (2).mp4,0,preprocessed_clean\train_10fps_160x160\accident\WhatsApp Video 2026-09-09 at 10.21.39 PM (2)_seq_0000.npz,10,160,160,16,16
train,accident,1,WhatsApp Video 2026-09-09 at 10.21.39 PM (2).mp4,1,preprocessed_clean\train_10fps_160x160\accident\WhatsApp Video 2026-09-09 at 10.21.39 PM (2)_seq_0001.npz,10,160,160,16,16
train,accident,1,WhatsApp Video 2026-09-09 at 10.21.39 PM.mp4,0,preprocessed_clean\train_10fps_160x160\accident\WhatsApp Video 2026-09-09 at 10.21.39 PM_seq_0000.npz,10,160,160,16,16
train,accident,1,WhatsApp Video 2026-09-09 at 10.21.39 PM.mp4,1,preprocessed_clean\train_10fps_160x160\accident\WhatsApp Video 2026-09-09 at 10.21.39 PM_seq_0001.npz,10,160,160,16,16
train,accident,1,WhatsApp Video 2026-09-09 at 10.21.39 PM.mp4,2,preprocessed_clean\train_10fps_160x160\accident\WhatsApp Video 2026-09-09 at 10.21.39 PM_seq_0002.npz,10,160,160,16,16
train,accident,1,WhatsApp Video 2026-09-09 at 10.21.40 PM (1).mp4,0,preprocessed_clean\train_10fps_160x160\accident\WhatsApp Video 2026-09-09 at 10.21.40 PM (1)_seq_0000.npz,10,160,160,16,16
train,accident,1,WhatsApp Video 2026-09-09 at 10.21.40 PM (1).mp4,1,preprocessed_clean\train_10fps_160x160\accident\WhatsApp Video 2026-09-09 at 10.21.40 PM (1)_seq_0001.npz,10,160,160,16,16
train,accident,1,WhatsApp Video 2026-09-09 at 10.21.40 PM (1).mp4,2,preprocessed_clean\train_10fps_160x160\accident\WhatsApp Video 2026-09-09 at 10.21.40 PM (1)_seq_0002.npz,10,160,160,16,16
train,accident,1,WhatsApp Video 2026-09-09 at 10.21.40 PM (1).mp4,3,preprocessed_clean\train_10fps_160x160\accident\WhatsApp Video 2026-09-09 at 10.21.40 PM (1)_seq_0003.npz,10,160,160,16,16
train,accident,1,WhatsApp Video 2026-09-09 at 10.21.40 PM (2).mp4,0,preprocessed_clean\train_10fps_160x160\accident\WhatsApp Video 2026-09-09 at 10.21.40 PM (2)_seq_0000.npz,10,160,160,16,16
train,accident,1,WhatsApp Video 2026-09-09 at 10.21.40 PM (2).mp4,1,preprocessed_clean\train_10fps_160x160\accident\WhatsApp Video 2026-09-09 at 10.21.40 PM (2)_seq_0001.npz,10,160,160,16,16
train,accident,1,WhatsApp Video 2026-09-09 at 10.21.40 PM (2).mp4,2,preprocessed_clean\train_10fps_160x160\accident\WhatsApp Video 2026-09-09 at 10.21.40 PM (2)_seq_0002.npz,10,160,160,16,16
train,accident,1,WhatsApp Video 2026-09-09 at 10.21.41 PM (3).mp4,0,preprocessed_clean\train_10fps_160x160\accident\WhatsApp Video 2026-09-09 at 10.21.41 PM (3)_seq_0000.npz,10,160,160,16,16
train,accident,1,WhatsApp Video 2026-09-09 at 10.21.41 PM.mp4,0,preprocessed_clean\train_10fps_160x160\accident\WhatsApp Video 2026-09-09 at 10.21.41 PM_seq_0000.npz,10,160,160,16,16
train,accident,1,WhatsApp Video 2026-09-09 at 10.21.41 PM.mp4,1,preprocessed_clean\train_10fps_160x160\accident\WhatsApp Video 2026-09-09 at 10.21.41 PM_seq_0001.npz,10,160,160,16,16
train,accident,1,WhatsApp Video 2026-09-09 at 10.21.41 PM.mp4,2,preprocessed_clean\train_10fps_160x160\accident\WhatsApp Video 2026-09-09 at 10.21.41 PM_seq_0002.npz,10,160,160,16,16
train,accident,1,WhatsApp Video 2026-09-09 at 10.21.42 PM (1).mp4,0,preprocessed_clean\train_10fps_160x160\accident\WhatsApp Video 2026-09-09 at 10.21.42 PM (1)_seq_0000.npz,10,160,160,16,16
train,accident,1,WhatsApp Video 2026-09-09 at 10.21.42 PM (1).mp4,1,preprocessed_clean\train_10fps_160x160\accident\WhatsApp Video 2026-09-09 at 10.21.42 PM (1)_seq_0001.npz,10,160,160,16,16
train,accident,1,WhatsApp Video 2026-09-09 at 10.21.42 PM (1).mp4,2,preprocessed_clean\train_10fps_160x160\accident\WhatsApp Video 2026-09-09 at 10.21.42 PM (1)_seq_0002.npz,10,160,160,16,16
train,accident,1,WhatsApp Video 2026-09-09 at 10.21.42 PM (1).mp4,3,preprocessed_clean\train_10fps_160x160\accident\WhatsApp Video 2026-09-09 at 10.21.42 PM (1)_seq_0003.npz,10,160,160,16,16
train,accident,1,WhatsApp Video 2026-09-09 at 10.21.42 PM (2).mp4,0,preprocessed_clean\train_10fps_160x160\accident\WhatsApp Video 2026-09-09 at 10.21.42 PM (2)_seq_0000.npz,10,160,160,16,16
train,accident,1,WhatsApp Video 2026-09-09 at 10.21.43 PM (2).mp4,0,preprocessed_clean\train_10fps_160x160\accident\WhatsApp Video 2026-09-09 at 10.21.43 PM (2)_seq_0000.npz,10,160,160,16,16
train,accident,1,WhatsApp Video 2026-09-09 at 10.21.43 PM.mp4,0,preprocessed_clean\train_10fps_160x160\accident\WhatsApp Video 2026-09-09 at 10.21.43 PM_seq_0000.npz,10,160,160,16,16
train,accident,1,WhatsApp Video 2026-09-09 at 10.21.43 PM.mp4,1,preprocessed_clean\train_10fps_160x160\accident\WhatsApp Video 2026-09-09 at 10.21.43 PM_seq_0001.npz,10,160,160,16,16
train,accident,1,WhatsApp Video 2026-09-09 at 10.21.43 PM.mp4,2,preprocessed_clean\train_10fps_160x160\accident\WhatsApp Video 2026-09-09 at 10.21.43 PM_seq_0002.npz,10,160,160,16,16
train,accident,1,WhatsApp Video 2026-09-09 at 9.29.20 PM.mp4,0,preprocessed_clean\train_10fps_160x160\accident\WhatsApp Video 2026-09-09 at 9.29.20 PM_seq_0000.npz,10,160,160,16,16
train,accident,1,WhatsApp Video 2026-09-09 at 9.29.20 PM.mp4,1,preprocessed_clean\train_10fps_160x160\accident\WhatsApp Video 2026-09-09 at 9.29.20 PM_seq_0001.npz,10,160,160,16,16
train,accident,1,WhatsApp Video 2026-09-09 at 9.29.20 PM.mp4,2,preprocessed_clean\train_10fps_160x160\accident\WhatsApp Video 2026-09-09 at 9.29.20 PM_seq_0002.npz,10,160,160,16,16
train,accident,1,WhatsApp Video 2026-09-09 at 9.29.42 PM (1).mp4,0,preprocessed_clean\train_10fps_160x160\accident\WhatsApp Video 2026-09-09 at 9.29.42 PM (1)_seq_0000.npz,10,160,160,16,16
train,accident,1,WhatsApp Video 2026-09-09 at 9.29.42 PM (1).mp4,1,preprocessed_clean\train_10fps_160x160\accident\WhatsApp Video 2026-09-09 at 9.29.42 PM (1)_seq_0001.npz,10,160,160,16,16
train,accident,1,WhatsApp Video 2026-09-09 at 9.29.42 PM (1).mp4,2,preprocessed_clean\train_10fps_160x160\accident\WhatsApp Video 2026-09-09 at 9.29.42 PM (1)_seq_0002.npz,10,160,160,16,16
train,accident,1,WhatsApp Video 2026-09-09 at 9.29.42 PM (2).mp4,0,preprocessed_clean\train_10fps_160x160\accident\WhatsApp Video 2026-09-09 at 9.29.42 PM (2)_seq_0000.npz,10,160,160,16,16
train,accident,1,WhatsApp Video 2026-09-09 at 9.29.42 PM (2).mp4,1,preprocessed_clean\train_10fps_160x160\accident\WhatsApp Video 2026-09-09 at 9.29.42 PM (2)_seq_0001.npz,10,160,160,16,16
train,accident,1,WhatsApp Video 2026-09-09 at 9.59.42 PM.mp4,0,preprocessed_clean\train_10fps_160x160\accident\WhatsApp Video 2026-09-09 at 9.59.42 PM_seq_0000.npz,10,160,160,16,16
train,accident,1,WhatsApp Video 2026-09-09 at 9.59.42 PM.mp4,1,preprocessed_clean\train_10fps_160x160\accident\WhatsApp Video 2026-09-09 at 9.59.42 PM_seq_0001.npz,10,160,160,16,16
train,accident,1,WhatsApp Video 2026-09-09 at 9.59.42 PM.mp4,2,preprocessed_clean\train_10fps_160x160\accident\WhatsApp Video 2026-09-09 at 9.59.42 PM_seq_0002.npz,10,160,160,16,16
train,accident,1,WhatsApp Video 2026-09-09 at 9.59.45 PM.mp4,0,preprocessed_clean\train_10fps_160x160\accident\WhatsApp Video 2026-09-09 at 9.59.45 PM_seq_0000.npz,10,160,160,16,16
train,accident,1,WhatsApp Video 2026-09-09 at 9.59.45 PM.mp4,1,preprocessed_clean\train_10fps_160x160\accident\WhatsApp Video 2026-09-09 at 9.59.45 PM_seq_0001.npz,10,160,160,16,16
train,accident,1,WhatsApp Video 2026-09-09 at 9.59.45 PM.mp4,2,preprocessed_clean\train_10fps_160x160\accident\WhatsApp Video 2026-09-09 at 9.59.45 PM_seq_0002.npz,10,160,160,16,16
train,accident,1,WhatsApp Video 2026-09-09 at 9.59.45 PM.mp4,3,preprocessed_clean\train_10fps_160x160\accident\WhatsApp Video 2026-09-09 at 9.59.45 PM_seq_0003.npz,10,160,160,16,16
train,accident,1,WhatsApp Video 2026-09-09 at 9.59.58 PM.mp4,0,preprocessed_clean\train_10fps_160x160\accident\WhatsApp Video 2026-09-09 at 9.59.58 PM_seq_0000.npz,10,160,160,16,16
train,accident,1,WhatsApp Video 2026-09-09 at 9.59.58 PM.mp4,1,preprocessed_clean\train_10fps_160x160\accident\WhatsApp Video 2026-09-09 at 9.59.58 PM_seq_0001.npz,10,160,160,16,16
train,accident,1,WhatsApp Video 2026-09-09 at 9.59.58 PM.mp4,2,preprocessed_clean\train_10fps_160x160\accident\WhatsApp Video 2026-09-09 at 9.59.58 PM_seq_0002.npz,10,160,160,16,16
train,normal,0,WhatsApp Video 2026-09-08 at 3.34.58 PM (2).mp4,0,preprocessed_clean\train_10fps_160x160\normal\WhatsApp Video 2026-09-08 at 3.34.58 PM (2)_seq_0000.npz,10,160,160,16,16
train,normal,0,WhatsApp Video 2026-09-08 at 3.34.58 PM (2).mp4,1,preprocessed_clean\train_10fps_160x160\normal\WhatsApp Video 2026-09-08 at 3.34.58 PM (2)_seq_0001.npz,10,160,160,16,16
train,normal,0,WhatsApp Video 2026-09-08 at 3.34.58 PM (2).mp4,2,preprocessed_clean\train_10fps_160x160\normal\WhatsApp Video 2026-09-08 at 3.34.58 PM (2)_seq_0002.npz,10,160,160,16,16
train,normal,0,WhatsApp Video 2026-09-08 at 3.34.58 PM (2).mp4,3,preprocessed_clean\train_10fps_160x160\normal\WhatsApp Video 2026-09-08 at 3.34.58 PM (2)_seq_0003.npz,10,160,160,16,16
train,normal,0,WhatsApp Video 2026-09-08 at 3.34.58 PM (2).mp4,4,preprocessed_clean\train_10fps_160x160\normal\WhatsApp Video 2026-09-08 at 3.34.58 PM (2)_seq_0004.npz,10,160,160,16,16
train,normal,0,WhatsApp Video 2026-09-08 at 3.34.58 PM (2).mp4,5,preprocessed_clean\train_10fps_160x160\normal\WhatsApp Video 2026-09-08 at 3.34.58 PM (2)_seq_0005.npz,10,160,160,16,16
train,normal,0,WhatsApp Video 2026-09-08 at 3.34.58 PM (2).mp4,6,preprocessed_clean\train_10fps_160x160\normal\WhatsApp Video 2026-09-08 at 3.34.58 PM (2)_seq_0006.npz,10,160,160,16,16
train,normal,0,WhatsApp Video 2026-09-08 at 3.34.58 PM (2).mp4,7,preprocessed_clean\train_10fps_160x160\normal\WhatsApp Video 2026-09-08 at 3.34.58 PM (2)_seq_0007.npz,10,160,160,16,16
train,normal,0,WhatsApp Video 2026-09-08 at 3.34.58 PM (2).mp4,8,preprocessed_clean\train_10fps_160x160\normal\WhatsApp Video 2026-09-08 at 3.34.58 PM (2)_seq_0008.npz,10,160,160,16,16
train,normal,0,WhatsApp Video 2026-09-08 at 3.34.58 PM (2).mp4,9,preprocessed_clean\train_10fps_160x160\normal\WhatsApp Video 2026-09-08 at 3.34.58 PM (2)_seq_0009.npz,10,160,160,16,16
train,normal,0,WhatsApp Video 2026-09-08 at 3.34.58 PM (2).mp4,10,preprocessed_clean\train_10fps_160x160\normal\WhatsApp Video 2026-09-08 at 3.34.58 PM (2)_seq_0010.npz,10,160,160,16,16
train,normal,0,WhatsApp Video 2026-09-08 at 3.34.58 PM (2).mp4,11,preprocessed_clean\train_10fps_160x160\normal\WhatsApp Video 2026-09-08 at 3.34.58 PM (2)_seq_0011.npz,10,160,160,16,16
train,normal,0,WhatsApp Video 2026-09-08 at 3.34.58 PM (2).mp4,12,preprocessed_clean\train_10fps_160x160\normal\WhatsApp Video 2026-09-08 at 3.34.58 PM (2)_seq_0012.npz,10,160,160,16,16
train,normal,0,WhatsApp Video 2026-09-08 at 3.34.58 PM (2).mp4,13,preprocessed_clean\train_10fps_160x160\normal\WhatsApp Video 2026-09-08 at 3.34.58 PM (2)_seq_0013.npz,10,160,160,16,16
train,normal,0,WhatsApp Video 2026-09-08 at 3.34.58 PM (2).mp4,14,preprocessed_clean\train_10fps_160x160\normal\WhatsApp Video 2026-09-08 at 3.34.58 PM (2)_seq_0014.npz,10,160,160,16,16
train,normal,0,WhatsApp Video 2026-09-08 at 3.34.58 PM (2).mp4,15,preprocessed_clean\train_10fps_160x160\normal\WhatsApp Video 2026-09-08 at 3.34.58 PM (2)_seq_0015.npz,10,160,160,16,16
train,normal,0,WhatsApp Video 2026-09-08 at 3.34.58 PM (2).mp4,16,preprocessed_clean\train_10fps_160x160\normal\WhatsApp Video 2026-09-08 at 3.34.58 PM (2)_seq_0016.npz,10,160,160,16,16
train,normal,0,WhatsApp Video 2026-09-08 at 3.34.58 PM (2).mp4,17,preprocessed_clean\train_10fps_160x160\normal\WhatsApp Video 2026-09-08 at 3.34.58 PM (2)_seq_0017.npz,10,160,160,16,16
train,normal,0,WhatsApp Video 2026-09-08 at 3.34.58 PM (2).mp4,18,preprocessed_clean\train_10fps_160x160\normal\WhatsApp Video 2026-09-08 at 3.34.58 PM (2)_seq_0018.npz,10,160,160,16,16
train,normal,0,WhatsApp Video 2026-09-08 at 3.34.58 PM (2).mp4,19,preprocessed_clean\train_10fps_160x160\normal\WhatsApp Video 2026-09-08 at 3.34.58 PM (2)_seq_0019.npz,10,160,160,16,16
train,normal,0,WhatsApp Video 2026-09-08 at 3.34.58 PM (2).mp4,20,preprocessed_clean\train_10fps_160x160\normal\WhatsApp Video 2026-09-08 at 3.34.58 PM (2)_seq_0020.npz,10,160,160,16,16
train,normal,0,WhatsApp Video 2026-09-08 at 3.34.58 PM (2).mp4,21,preprocessed_clean\train_10fps_160x160\normal\WhatsApp Video 2026-09-08 at 3.34.58 PM (2)_seq_0021.npz,10,160,160,16,16
train,normal,0,WhatsApp Video 2026-09-08 at 3.34.58 PM (2).mp4,22,preprocessed_clean\train_10fps_160x160\normal\WhatsApp Video 2026-09-08 at 3.34.58 PM (2)_seq_0022.npz,10,160,160,16,16
train,normal,0,WhatsApp Video 2026-09-08 at 3.34.58 PM (2).mp4,23,preprocessed_clean\train_10fps_160x160\normal\WhatsApp Video 2026-09-08 at 3.34.58 PM (2)_seq_0023.npz,10,160,160,16,16
train,normal,0,WhatsApp Video 2026-09-08 at 3.34.58 PM (2).mp4,24,preprocessed_clean\train_10fps_160x160\normal\WhatsApp Video 2026-09-08 at 3.34.58 PM (2)_seq_0024.npz,10,160,160,16,16
train,normal,0,WhatsApp Video 2026-09-08 at 3.34.58 PM (2).mp4,25,preprocessed_clean\train_10fps_160x160\normal\WhatsApp Video 2026-09-08 at 3.34.58 PM (2)_seq_0025.npz,10,160,160,16,16
train,normal,0,WhatsApp Video 2026-09-08 at 3.34.58 PM (2).mp4,26,preprocessed_clean\train_10fps_160x160\normal\WhatsApp Video 2026-09-08 at 3.34.58 PM (2)_seq_0026.npz,10,160,160,16,16
train,normal,0,WhatsApp Video 2026-09-08 at 3.34.58 PM (2).mp4,27,preprocessed_clean\train_10fps_160x160\normal\WhatsApp Video 2026-09-08 at 3.34.58 PM (2)_seq_0027.npz,10,160,160,16,16
train,normal,0,WhatsApp Video 2026-09-08 at 3.34.58 PM (2).mp4,28,preprocessed_clean\train_10fps_160x160\normal\WhatsApp Video 2026-09-08 at 3.34.58 PM (2)_seq_0028.npz,10,160,160,16,16
train,normal,0,WhatsApp Video 2026-09-08 at 3.34.58 PM (2).mp4,29,preprocessed_clean\train_10fps_160x160\normal\WhatsApp Video 2026-09-08 at 3.34.58 PM (2)_seq_0029.npz,10,160,160,16,16
train,normal,0,WhatsApp Video 2026-09-08 at 3.34.58 PM (2).mp4,30,preprocessed_clean\train_10fps_160x160\normal\WhatsApp Video 2026-09-08 at 3.34.58 PM (2)_seq_0030.npz,10,160,160,16,16
train,normal,0,WhatsApp Video 2026-09-08 at 3.34.58 PM (2).mp4,31,preprocessed_clean\train_10fps_160x160\normal\WhatsApp Video 2026-09-08 at 3.34.58 PM (2)_seq_0031.npz,10,160,160,16,16
train,normal,0,WhatsApp Video 2026-09-08 at 3.34.58 PM (2).mp4,32,preprocessed_clean\train_10fps_160x160\normal\WhatsApp Video 2026-09-08 at 3.34.58 PM (2)_seq_0032.npz,10,160,160,16,16
train,normal,0,WhatsApp Video 2026-09-08 at 3.34.58 PM (2).mp4,33,preprocessed_clean\train_10fps_160x160\normal\WhatsApp Video 2026-09-08 at 3.34.58 PM (2)_seq_0033.npz,10,160,160,16,16
train,normal,0,WhatsApp Video 2026-09-08 at 3.34.58 PM (2).mp4,34,preprocessed_clean\train_10fps_160x160\normal\WhatsApp Video 2026-09-08 at 3.34.58 PM (2)_seq_0034.npz,10,160,160,16,16
train,normal,0,WhatsApp Video 2026-09-08 at 3.34.58 PM (2).mp4,35,preprocessed_clean\train_10fps_160x160\normal\WhatsApp Video 2026-09-08 at 3.34.58 PM (2)_seq_0035.npz,10,160,160,16,16
train,normal,0,WhatsApp Video 2026-09-08 at 3.34.58 PM (2).mp4,36,preprocessed_clean\train_10fps_160x160\normal\WhatsApp Video 2026-09-08 at 3.34.58 PM (2)_seq_0036.npz,10,160,160,16,16
train,normal,0,WhatsApp Video 2026-09-08 at 3.34.58 PM (2).mp4,37,preprocessed_clean\train_10fps_160x160\normal\WhatsApp Video 2026-09-08 at 3.34.58 PM (2)_seq_0037.npz,10,160,160,16,16
train,normal,0,WhatsApp Video 2026-09-08 at 3.34.58 PM.mp4,0,preprocessed_clean\train_10fps_160x160\normal\WhatsApp Video 2026-09-08 at 3.34.58 PM_seq_0000.npz,10,160,160,16,16
train,normal,0,WhatsApp Video 2026-09-08 at 3.34.58 PM.mp4,1,preprocessed_clean\train_10fps_160x160\normal\WhatsApp Video 2026-09-08 at 3.34.58 PM_seq_0001.npz,10,160,160,16,16
train,normal,0,WhatsApp Video 2026-09-08 at 3.34.58 PM.mp4,2,preprocessed_clean\train_10fps_160x160\normal\WhatsApp Video 2026-09-08 at 3.34.58 PM_seq_0002.npz,10,160,160,16,16
train,normal,0,WhatsApp Video 2026-09-08 at 3.34.58 PM.mp4,3,preprocessed_clean\train_10fps_160x160\normal\WhatsApp Video 2026-09-08 at 3.34.58 PM_seq_0003.npz,10,160,160,16,16
train,normal,0,WhatsApp Video 2026-09-08 at 3.34.58 PM.mp4,4,preprocessed_clean\train_10fps_160x160\normal\WhatsApp Video 2026-09-08 at 3.34.58 PM_seq_0004.npz,10,160,160,16,16
train,normal,0,WhatsApp Video 2026-09-08 at 3.35.00 PM (1).mp4,0,preprocessed_clean\train_10fps_160x160\normal\WhatsApp Video 2026-09-08 at 3.35.00 PM (1)_seq_0000.npz,10,160,160,16,16
train,normal,0,WhatsApp Video 2026-09-08 at 3.35.00 PM (1).mp4,1,preprocessed_clean\train_10fps_160x160\normal\WhatsApp Video 2026-09-08 at 3.35.00 PM (1)_seq_0001.npz,10,160,160,16,16
train,normal,0,WhatsApp Video 2026-09-08 at 3.35.00 PM (1).mp4,2,preprocessed_clean\train_10fps_160x160\normal\WhatsApp Video 2026-09-08 at 3.35.00 PM (1)_seq_0002.npz,10,160,160,16,16
train,normal,0,WhatsApp Video 2026-09-08 at 3.35.00 PM (1).mp4,3,preprocessed_clean\train_10fps_160x160\normal\WhatsApp Video 2026-09-08 at 3.35.00 PM (1)_seq_0003.npz,10,160,160,16,16
train,normal,0,WhatsApp Video 2026-09-08 at 3.35.00 PM (1).mp4,4,preprocessed_clean\train_10fps_160x160\normal\WhatsApp Video 2026-09-08 at 3.35.00 PM (1)_seq_0004.npz,10,160,160,16,16
train,normal,0,WhatsApp Video 2026-09-08 at 3.35.00 PM (1).mp4,5,preprocessed_clean\train_10fps_160x160\normal\WhatsApp Video 2026-09-08 at 3.35.00 PM (1)_seq_0005.npz,10,160,160,16,16
train,normal,0,WhatsApp Video 2026-09-08 at 3.35.00 PM (1).mp4,6,preprocessed_clean\train_10fps_160x160\normal\WhatsApp Video 2026-09-08 at 3.35.00 PM (1)_seq_0006.npz,10,160,160,16,16
train,normal,0,WhatsApp Video 2026-09-08 at 3.35.00 PM (1).mp4,7,preprocessed_clean\train_10fps_160x160\normal\WhatsApp Video 2026-09-08 at 3.35.00 PM (1)_seq_0007.npz,10,160,160,16,16
train,normal,0,WhatsApp Video 2026-09-08 at 3.35.00 PM (1).mp4,8,preprocessed_clean\train_10fps_160x160\normal\WhatsApp Video 2026-09-08 at 3.35.00 PM (1)_seq_0008.npz,10,160,160,16,16
train,normal,0,WhatsApp Video 2026-09-08 at 3.35.00 PM (2).mp4,0,preprocessed_clean\train_10fps_160x160\normal\WhatsApp Video 2026-09-08 at 3.35.00 PM (2)_seq_0000.npz,10,160,160,16,16
train,normal,0,WhatsApp Video 2026-09-08 at 3.35.00 PM (2).mp4,1,preprocessed_clean\train_10fps_160x160\normal\WhatsApp Video 2026-09-08 at 3.35.00 PM (2)_seq_0001.npz,10,160,160,16,16
train,normal,0,WhatsApp Video 2026-09-08 at 3.35.00 PM (2).mp4,2,preprocessed_clean\train_10fps_160x160\normal\WhatsApp Video 2026-09-08 at 3.35.00 PM (2)_seq_0002.npz,10,160,160,16,16
train,normal,0,WhatsApp Video 2026-09-08 at 3.35.00 PM (2).mp4,3,preprocessed_clean\train_10fps_160x160\normal\WhatsApp Video 2026-09-08 at 3.35.00 PM (2)_seq_0003.npz,10,160,160,16,16
train,normal,0,WhatsApp Video 2026-09-08 at 3.35.00 PM (2).mp4,4,preprocessed_clean\train_10fps_160x160\normal\WhatsApp Video 2026-09-08 at 3.35.00 PM (2)_seq_0004.npz,10,160,160,16,16
train,normal,0,WhatsApp Video 2026-09-08 at 3.35.00 PM (2).mp4,5,preprocessed_clean\train_10fps_160x160\normal\WhatsApp Video 2026-09-08 at 3.35.00 PM (2)_seq_0005.npz,10,160,160,16,16
train,normal,0,WhatsApp Video 2026-09-08 at 3.35.00 PM.mp4,0,preprocessed_clean\train_10fps_160x160\normal\WhatsApp Video 2026-09-08 at 3.35.00 PM_seq_0000.npz,10,160,160,16,16
train,normal,0,WhatsApp Video 2026-09-08 at 3.35.00 PM.mp4,1,preprocessed_clean\train_10fps_160x160\normal\WhatsApp Video 2026-09-08 at 3.35.00 PM_seq_0001.npz,10,160,160,16,16
train,normal,0,WhatsApp Video 2026-09-08 at 3.35.00 PM.mp4,2,preprocessed_clean\train_10fps_160x160\normal\WhatsApp Video 2026-09-08 at 3.35.00 PM_seq_0002.npz,10,160,160,16,16
train,normal,0,WhatsApp Video 2026-09-08 at 3.35.00 PM.mp4,3,preprocessed_clean\train_10fps_160x160\normal\WhatsApp Video 2026-09-08 at 3.35.00 PM_seq_0003.npz,10,160,160,16,16
train,normal,0,WhatsApp Video 2026-09-08 at 3.35.00 PM.mp4,4,preprocessed_clean\train_10fps_160x160\normal\WhatsApp Video 2026-09-08 at 3.35.00 PM_seq_0004.npz,10,160,160,16,16
train,normal,0,WhatsApp Video 2026-09-08 at 3.35.00 PM.mp4,5,preprocessed_clean\train_10fps_160x160\normal\WhatsApp Video 2026-09-08 at 3.35.00 PM_seq_0005.npz,10,160,160,16,16
train,normal,0,WhatsApp Video 2026-09-08 at 3.35.00 PM.mp4,6,preprocessed_clean\train_10fps_160x160\normal\WhatsApp Video 2026-09-08 at 3.35.00 PM_seq_0006.npz,10,160,160,16,16
train,normal,0,WhatsApp Video 2026-09-08 at 3.35.00 PM.mp4,7,preprocessed_clean\train_10fps_160x160\normal\WhatsApp Video 2026-09-08 at 3.35.00 PM_seq_0007.npz,10,160,160,16,16
train,normal,0,WhatsApp Video 2026-09-08 at 3.35.00 PM.mp4,8,preprocessed_clean\train_10fps_160x160\normal\WhatsApp Video 2026-09-08 at 3.35.00 PM_seq_0008.npz,10,160,160,16,16
train,normal,0,WhatsApp Video 2026-09-08 at 3.35.00 PM.mp4,9,preprocessed_clean\train_10fps_160x160\normal\WhatsApp Video 2026-09-08 at 3.35.00 PM_seq_0009.npz,10,160,160,16,16
train,normal,0,WhatsApp Video 2026-09-08 at 3.35.00 PM.mp4,10,preprocessed_clean\train_10fps_160x160\normal\WhatsApp Video 2026-09-08 at 3.35.00 PM_seq_0010.npz,10,160,160,16,16
train,normal,0,WhatsApp Video 2026-09-08 at 3.35.00 PM.mp4,11,preprocessed_clean\train_10fps_160x160\normal\WhatsApp Video 2026-09-08 at 3.35.00 PM_seq_0011.npz,10,160,160,16,16
train,normal,0,WhatsApp Video 2026-09-08 at 3.35.00 PM.mp4,12,preprocessed_clean\train_10fps_160x160\normal\WhatsApp Video 2026-09-08 at 3.35.00 PM_seq_0012.npz,10,160,160,16,16
train,normal,0,WhatsApp Video 2026-09-08 at 3.35.00 PM.mp4,13,preprocessed_clean\train_10fps_160x160\normal\WhatsApp Video 2026-09-08 at 3.35.00 PM_seq_0013.npz,10,160,160,16,16
train,normal,0,WhatsApp Video 2026-09-08 at 3.35.00 PM.mp4,14,preprocessed_clean\train_10fps_160x160\normal\WhatsApp Video 2026-09-08 at 3.35.00 PM_seq_0014.npz,10,160,160,16,16
train,normal,0,WhatsApp Video 2026-09-08 at 3.35.00 PM.mp4,15,preprocessed_clean\train_10fps_160x160\normal\WhatsApp Video 2026-09-08 at 3.35.00 PM_seq_0015.npz,10,160,160,16,16
train,normal,0,WhatsApp Video 2026-09-08 at 3.35.00 PM.mp4,16,preprocessed_clean\train_10fps_160x160\normal\WhatsApp Video 2026-09-08 at 3.35.00 PM_seq_0016.npz,10,160,160,16,16
train,normal,0,WhatsApp Video 2026-09-08 at 3.35.00 PM.mp4,17,preprocessed_clean\train_10fps_160x160\normal\WhatsApp Video 2026-09-08 at 3.35.00 PM_seq_0017.npz,10,160,160,16,16
train,normal,0,WhatsApp Video 2026-09-08 at 3.35.00 PM.mp4,18,preprocessed_clean\train_10fps_160x160\normal\WhatsApp Video 2026-09-08 at 3.35.00 PM_seq_0018.npz,10,160,160,16,16
train,normal,0,WhatsApp Video 2026-09-08 at 3.35.00 PM.mp4,19,preprocessed_clean\train_10fps_160x160\normal\WhatsApp Video 2026-09-08 at 3.35.00 PM_seq_0019.npz,10,160,160,16,16
train,normal,0,WhatsApp Video 2026-09-08 at 3.35.00 PM.mp4,20,preprocessed_clean\train_10fps_160x160\normal\WhatsApp Video 2026-09-08 at 3.35.00 PM_seq_0020.npz,10,160,160,16,16
train,normal,0,WhatsApp Video 2026-09-08 at 3.35.00 PM.mp4,21,preprocessed_clean\train_10fps_160x160\normal\WhatsApp Video 2026-09-08 at 3.35.00 PM_seq_0021.npz,10,160,160,16,16
train,normal,0,WhatsApp Video 2026-09-08 at 3.35.00 PM.mp4,22,preprocessed_clean\train_10fps_160x160\normal\WhatsApp Video 2026-09-08 at 3.35.00 PM_seq_0022.npz,10,160,160,16,16
train,normal,0,WhatsApp Video 2026-09-08 at 3.35.00 PM.mp4,23,preprocessed_clean\train_10fps_160x160\normal\WhatsApp Video 2026-09-08 at 3.35.00 PM_seq_0023.npz,10,160,160,16,16
train,normal,0,WhatsApp Video 2026-09-08 at 3.35.00 PM.mp4,24,preprocessed_clean\train_10fps_160x160\normal\WhatsApp Video 2026-09-08 at 3.35.00 PM_seq_0024.npz,10,160,160,16,16
train,normal,0,WhatsApp Video 2026-09-08 at 3.35.00 PM.mp4,25,preprocessed_clean\train_10fps_160x160\normal\WhatsApp Video 2026-09-08 at 3.35.00 PM_seq_0025.npz,10,160,160,16,16
train,normal,0,WhatsApp Video 2026-09-08 at 3.35.00 PM.mp4,26,preprocessed_clean\train_10fps_160x160\normal\WhatsApp Video 2026-09-08 at 3.35.00 PM_seq_0026.npz,10,160,160,16,16
train,normal,0,WhatsApp Video 2026-09-08 at 3.35.00 PM.mp4,27,preprocessed_clean\train_10fps_160x160\normal\WhatsApp Video 2026-09-08 at 3.35.00 PM_seq_0027.npz,10,160,160,16,16
train,normal,0,WhatsApp Video 2026-09-08 at 3.40.29 PM.mp4,0,preprocessed_clean\train_10fps_160x160\normal\WhatsApp Video 2026-09-08 at 3.40.29 PM_seq_0000.npz,10,160,160,16,16
train,normal,0,WhatsApp Video 2026-09-08 at 3.40.29 PM.mp4,1,preprocessed_clean\train_10fps_160x160\normal\WhatsApp Video 2026-09-08 at 3.40.29 PM_seq_0001.npz,10,160,160,16,16
train,normal,0,WhatsApp Video 2026-09-08 at 3.40.29 PM.mp4,2,preprocessed_clean\train_10fps_160x160\normal\WhatsApp Video 2026-09-08 at 3.40.29 PM_seq_0002.npz,10,160,160,16,16
train,normal,0,WhatsApp Video 2026-09-08 at 3.40.29 PM.mp4,3,preprocessed_clean\train_10fps_160x160\normal\WhatsApp Video 2026-09-08 at 3.40.29 PM_seq_0003.npz,10,160,160,16,16
train,normal,0,WhatsApp Video 2026-09-08 at 3.40.29 PM.mp4,4,preprocessed_clean\train_10fps_160x160\normal\WhatsApp Video 2026-09-08 at 3.40.29 PM_seq_0004.npz,10,160,160,16,16
train,normal,0,WhatsApp Video 2026-09-08 at 3.40.29 PM.mp4,5,preprocessed_clean\train_10fps_160x160\normal\WhatsApp Video 2026-09-08 at 3.40.29 PM_seq_0005.npz,10,160,160,16,16
train,normal,0,WhatsApp Video 2026-09-08 at 3.40.29 PM.mp4,6,preprocessed_clean\train_10fps_160x160\normal\WhatsApp Video 2026-09-08 at 3.40.29 PM_seq_0006.npz,10,160,160,16,16
train,normal,0,WhatsApp Video 2026-09-08 at 3.43.48 PM.mp4,0,preprocessed_clean\train_10fps_160x160\normal\WhatsApp Video 2026-09-08 at 3.43.48 PM_seq_0000.npz,10,160,160,16,16
train,normal,0,WhatsApp Video 2026-09-08 at 3.43.48 PM.mp4,1,preprocessed_clean\train_10fps_160x160\normal\WhatsApp Video 2026-09-08 at 3.43.48 PM_seq_0001.npz,10,160,160,16,16
train,normal,0,WhatsApp Video 2026-09-08 at 3.43.48 PM.mp4,2,preprocessed_clean\train_10fps_160x160\normal\WhatsApp Video 2026-09-08 at 3.43.48 PM_seq_0002.npz,10,160,160,16,16
train,normal,0,WhatsApp Video 2026-09-08 at 3.43.48 PM.mp4,3,preprocessed_clean\train_10fps_160x160\normal\WhatsApp Video 2026-09-08 at 3.43.48 PM_seq_0003.npz,10,160,160,16,16
train,normal,0,WhatsApp Video 2026-09-08 at 3.43.48 PM.mp4,4,preprocessed_clean\train_10fps_160x160\normal\WhatsApp Video 2026-09-08 at 3.43.48 PM_seq_0004.npz,10,160,160,16,16
train,normal,0,WhatsApp Video 2026-09-08 at 3.43.48 PM.mp4,5,preprocessed_clean\train_10fps_160x160\normal\WhatsApp Video 2026-09-08 at 3.43.48 PM_seq_0005.npz,10,160,160,16,16
train,normal,0,WhatsApp Video 2026-09-08 at 3.43.48 PM.mp4,6,preprocessed_clean\train_10fps_160x160\normal\WhatsApp Video 2026-09-08 at 3.43.48 PM_seq_0006.npz,10,160,160,16,16
train,normal,0,WhatsApp Video 2026-09-08 at 3.43.48 PM.mp4,7,preprocessed_clean\train_10fps_160x160\normal\WhatsApp Video 2026-09-08 at 3.43.48 PM_seq_0007.npz,10,160,160,16,16
train,normal,0,WhatsApp Video 2026-09-08 at 3.43.48 PM.mp4,8,preprocessed_clean\train_10fps_160x160\normal\WhatsApp Video 2026-09-08 at 3.43.48 PM_seq_0008.npz,10,160,160,16,16
train,normal,0,WhatsApp Video 2026-09-08 at 3.43.48 PM.mp4,9,preprocessed_clean\train_10fps_160x160\normal\WhatsApp Video 2026-09-08 at 3.43.48 PM_seq_0009.npz,10,160,160,16,16
train,normal,0,WhatsApp Video 2026-09-08 at 3.43.48 PM.mp4,10,preprocessed_clean\train_10fps_160x160\normal\WhatsApp Video 2026-09-08 at 3.43.48 PM_seq_0010.npz,10,160,160,16,16
train,normal,0,WhatsApp Video 2026-09-08 at 3.43.48 PM.mp4,11,preprocessed_clean\train_10fps_160x160\normal\WhatsApp Video 2026-09-08 at 3.43.48 PM_seq_0011.npz,10,160,160,16,16
train,normal,0,WhatsApp Video 2026-09-08 at 3.43.48 PM.mp4,12,preprocessed_clean\train_10fps_160x160\normal\WhatsApp Video 2026-09-08 at 3.43.48 PM_seq_0012.npz,10,160,160,16,16
train,normal,0,WhatsApp Video 2026-09-08 at 3.45.17 PM.mp4,0,preprocessed_clean\train_10fps_160x160\normal\WhatsApp Video 2026-09-08 at 3.45.17 PM_seq_0000.npz,10,160,160,16,16
train,normal,0,WhatsApp Video 2026-09-08 at 3.45.17 PM.mp4,1,preprocessed_clean\train_10fps_160x160\normal\WhatsApp Video 2026-09-08 at 3.45.17 PM_seq_0001.npz,10,160,160,16,16
train,normal,0,WhatsApp Video 2026-09-08 at 3.45.17 PM.mp4,2,preprocessed_clean\train_10fps_160x160\normal\WhatsApp Video 2026-09-08 at 3.45.17 PM_seq_0002.npz,10,160,160,16,16
train,normal,0,WhatsApp Video 2026-09-08 at 3.45.17 PM.mp4,3,preprocessed_clean\train_10fps_160x160\normal\WhatsApp Video 2026-09-08 at 3.45.17 PM_seq_0003.npz,10,160,160,16,16
train,normal,0,WhatsApp Video 2026-09-08 at 3.45.17 PM.mp4,4,preprocessed_clean\train_10fps_160x160\normal\WhatsApp Video 2026-09-08 at 3.45.17 PM_seq_0004.npz,10,160,160,16,16
train,normal,0,WhatsApp Video 2026-09-08 at 3.45.17 PM.mp4,5,preprocessed_clean\train_10fps_160x160\normal\WhatsApp Video 2026-09-08 at 3.45.17 PM_seq_0005.npz,10,160,160,16,16
train,normal,0,WhatsApp Video 2026-09-08 at 9.35.16 PM.mp4,0,preprocessed_clean\train_10fps_160x160\normal\WhatsApp Video 2026-09-08 at 9.35.16 PM_seq_0000.npz,10,160,160,16,16
train,normal,0,WhatsApp Video 2026-09-08 at 9.35.16 PM.mp4,1,preprocessed_clean\train_10fps_160x160\normal\WhatsApp Video 2026-09-08 at 9.35.16 PM_seq_0001.npz,10,160,160,16,16
train,normal,0,WhatsApp Video 2026-09-08 at 9.35.16 PM.mp4,2,preprocessed_clean\train_10fps_160x160\normal\WhatsApp Video 2026-09-08 at 9.35.16 PM_seq_0002.npz,10,160,160,16,16
train,normal,0,WhatsApp Video 2026-09-08 at 9.35.16 PM.mp4,3,preprocessed_clean\train_10fps_160x160\normal\WhatsApp Video 2026-09-08 at 9.35.16 PM_seq_0003.npz,10,160,160,16,16
train,normal,0,WhatsApp Video 2026-09-08 at 9.35.16 PM.mp4,4,preprocessed_clean\train_10fps_160x160\normal\WhatsApp Video 2026-09-08 at 9.35.16 PM_seq_0004.npz,10,160,160,16,16
train,normal,0,WhatsApp Video 2026-09-08 at 9.35.16 PM.mp4,5,preprocessed_clean\train_10fps_160x160\normal\WhatsApp Video 2026-09-08 at 9.35.16 PM_seq_0005.npz,10,160,160,16,16
train,normal,0,WhatsApp Video 2026-09-08 at 9.35.16 PM.mp4,6,preprocessed_clean\train_10fps_160x160\normal\WhatsApp Video 2026-09-08 at 9.35.16 PM_seq_0006.npz,10,160,160,16,16
train,normal,0,WhatsApp Video 2026-09-08 at 9.35.16 PM.mp4,7,preprocessed_clean\train_10fps_160x160\normal\WhatsApp Video 2026-09-08 at 9.35.16 PM_seq_0007.npz,10,160,160,16,16
train,normal,0,WhatsApp Video 2026-09-08 at 9.35.16 PM.mp4,8,preprocessed_clean\train_10fps_160x160\normal\WhatsApp Video 2026-09-08 at 9.35.16 PM_seq_0008.npz,10,160,160,16,16
train,normal,0,WhatsApp Video 2026-09-08 at 9.35.21 PM (1).mp4,0,preprocessed_clean\train_10fps_160x160\normal\WhatsApp Video 2026-09-08 at 9.35.21 PM (1)_seq_0000.npz,10,160,160,16,16
train,normal,0,WhatsApp Video 2026-09-08 at 9.35.21 PM (1).mp4,1,preprocessed_clean\train_10fps_160x160\normal\WhatsApp Video 2026-09-08 at 9.35.21 PM (1)_seq_0001.npz,10,160,160,16,16
train,normal,0,WhatsApp Video 2026-09-08 at 9.35.21 PM (1).mp4,2,preprocessed_clean\train_10fps_160x160\normal\WhatsApp Video 2026-09-08 at 9.35.21 PM (1)_seq_0002.npz,10,160,160,16,16
train,normal,0,WhatsApp Video 2026-09-08 at 9.35.21 PM (1).mp4,3,preprocessed_clean\train_10fps_160x160\normal\WhatsApp Video 2026-09-08 at 9.35.21 PM (1)_seq_0003.npz,10,160,160,16,16
train,normal,0,WhatsApp Video 2026-09-08 at 9.35.21 PM (1).mp4,4,preprocessed_clean\train_10fps_160x160\normal\WhatsApp Video 2026-09-08 at 9.35.21 PM (1)_seq_0004.npz,10,160,160,16,16
train,normal,0,WhatsApp Video 2026-09-08 at 9.35.21 PM (1).mp4,5,preprocessed_clean\train_10fps_160x160\normal\WhatsApp Video 2026-09-08 at 9.35.21 PM (1)_seq_0005.npz,10,160,160,16,16
train,normal,0,WhatsApp Video 2026-09-08 at 9.35.21 PM (1).mp4,6,preprocessed_clean\train_10fps_160x160\normal\WhatsApp Video 2026-09-08 at 9.35.21 PM (1)_seq_0006.npz,10,160,160,16,16
train,normal,0,WhatsApp Video 2026-09-08 at 9.35.21 PM (1).mp4,7,preprocessed_clean\train_10fps_160x160\normal\WhatsApp Video 2026-09-08 at 9.35.21 PM (1)_seq_0007.npz,10,160,160,16,16
train,normal,0,WhatsApp Video 2026-09-08 at 9.35.21 PM (1).mp4,8,preprocessed_clean\train_10fps_160x160\normal\WhatsApp Video 2026-09-08 at 9.35.21 PM (1)_seq_0008.npz,10,160,160,16,16
train,normal,0,WhatsApp Video 2026-09-08 at 9.36.31 PM.mp4,0,preprocessed_clean\train_10fps_160x160\normal\WhatsApp Video 2026-09-08 at 9.36.31 PM_seq_0000.npz,10,160,160,16,16
train,normal,0,WhatsApp Video 2026-09-08 at 9.36.31 PM.mp4,1,preprocessed_clean\train_10fps_160x160\normal\WhatsApp Video 2026-09-08 at 9.36.31 PM_seq_0001.npz,10,160,160,16,16
train,normal,0,WhatsApp Video 2026-09-08 at 9.36.31 PM.mp4,2,preprocessed_clean\train_10fps_160x160\normal\WhatsApp Video 2026-09-08 at 9.36.31 PM_seq_0002.npz,10,160,160,16,16
train,normal,0,WhatsApp Video 2026-09-08 at 9.36.31 PM.mp4,3,preprocessed_clean\train_10fps_160x160\normal\WhatsApp Video 2026-09-08 at 9.36.31 PM_seq_0003.npz,10,160,160,16,16
train,normal,0,WhatsApp Video 2026-09-08 at 9.36.31 PM.mp4,4,preprocessed_clean\train_10fps_160x160\normal\WhatsApp Video 2026-09-08 at 9.36.31 PM_seq_0004.npz,10,160,160,16,16
train,normal,0,WhatsApp Video 2026-09-08 at 9.36.31 PM.mp4,5,preprocessed_clean\train_10fps_160x160\normal\WhatsApp Video 2026-09-08 at 9.36.31 PM_seq_0005.npz,10,160,160,16,16
train,normal,0,WhatsApp Video 2026-09-08 at 9.36.31 PM.mp4,6,preprocessed_clean\train_10fps_160x160\normal\WhatsApp Video 2026-09-08 at 9.36.31 PM_seq_0006.npz,10,160,160,16,16
train,normal,0,WhatsApp Video 2026-09-08 at 9.36.31 PM.mp4,7,preprocessed_clean\train_10fps_160x160\normal\WhatsApp Video 2026-09-08 at 9.36.31 PM_seq_0007.npz,10,160,160,16,16
train,normal,0,WhatsApp Video 2026-09-08 at 9.36.31 PM.mp4,8,preprocessed_clean\train_10fps_160x160\normal\WhatsApp Video 2026-09-08 at 9.36.31 PM_seq_0008.npz,10,160,160,16,16
train,normal,0,WhatsApp Video 2026-09-09 at 11.19.48 AM.mp4,0,preprocessed_clean\train_10fps_160x160\normal\WhatsApp Video 2026-09-09 at 11.19.48 AM_seq_0000.npz,10,160,160,16,16
train,normal,0,WhatsApp Video 2026-09-09 at 11.19.48 AM.mp4,1,preprocessed_clean\train_10fps_160x160\normal\WhatsApp Video 2026-09-09 at 11.19.48 AM_seq_0001.npz,10,160,160,16,16
train,normal,0,WhatsApp Video 2026-09-09 at 11.19.48 AM.mp4,2,preprocessed_clean\train_10fps_160x160\normal\WhatsApp Video 2026-09-09 at 11.19.48 AM_seq_0002.npz,10,160,160,16,16
train,normal,0,WhatsApp Video 2026-09-09 at 11.19.48 AM.mp4,3,preprocessed_clean\train_10fps_160x160\normal\WhatsApp Video 2026-09-09 at 11.19.48 AM_seq_0003.npz,10,160,160,16,16
train,normal,0,WhatsApp Video 2026-09-09 at 11.19.48 AM.mp4,4,preprocessed_clean\train_10fps_160x160\normal\WhatsApp Video 2026-09-09 at 11.19.48 AM_seq_0004.npz,10,160,160,16,16
train,normal,0,WhatsApp Video 2026-09-09 at 11.19.48 AM.mp4,5,preprocessed_clean\train_10fps_160x160\normal\WhatsApp Video 2026-09-09 at 11.19.48 AM_seq_0005.npz,10,160,160,16,16
train,normal,0,WhatsApp Video 2026-09-09 at 11.19.48 AM.mp4,6,preprocessed_clean\train_10fps_160x160\normal\WhatsApp Video 2026-09-09 at 11.19.48 AM_seq_0006.npz,10,160,160,16,16
train,normal,0,WhatsApp Video 2026-09-09 at 11.19.48 AM.mp4,7,preprocessed_clean\train_10fps_160x160\normal\WhatsApp Video 2026-09-09 at 11.19.48 AM_seq_0007.npz,10,160,160,16,16
train,normal,0,WhatsApp Video 2026-09-09 at 11.19.53 AM.mp4,0,preprocessed_clean\train_10fps_160x160\normal\WhatsApp Video 2026-09-09 at 11.19.53 AM_seq_0000.npz,10,160,160,16,16
train,normal,0,WhatsApp Video 2026-09-09 at 11.19.53 AM.mp4,1,preprocessed_clean\train_10fps_160x160\normal\WhatsApp Video 2026-09-09 at 11.19.53 AM_seq_0001.npz,10,160,160,16,16
train,normal,0,WhatsApp Video 2026-09-09 at 11.19.53 AM.mp4,2,preprocessed_clean\train_10fps_160x160\normal\WhatsApp Video 2026-09-09 at 11.19.53 AM_seq_0002.npz,10,160,160,16,16
train,normal,0,WhatsApp Video 2026-09-09 at 11.19.53 AM.mp4,3,preprocessed_clean\train_10fps_160x160\normal\WhatsApp Video 2026-09-09 at 11.19.53 AM_seq_0003.npz,10,160,160,16,16
train,normal,0,WhatsApp Video 2026-09-09 at 11.19.53 AM.mp4,4,preprocessed_clean\train_10fps_160x160\normal\WhatsApp Video 2026-09-09 at 11.19.53 AM_seq_0004.npz,10,160,160,16,16
train,normal,0,WhatsApp Video 2026-09-09 at 11.19.53 AM.mp4,5,preprocessed_clean\train_10fps_160x160\normal\WhatsApp Video 2026-09-09 at 11.19.53 AM_seq_0005.npz,10,160,160,16,16
train,normal,0,WhatsApp Video 2026-09-09 at 11.19.53 AM.mp4,6,preprocessed_clean\train_10fps_160x160\normal\WhatsApp Video 2026-09-09 at 11.19.53 AM_seq_0006.npz,10,160,160,16,16
train,normal,0,WhatsApp Video 2026-09-09 at 11.19.53 AM.mp4,7,preprocessed_clean\train_10fps_160x160\normal\WhatsApp Video 2026-09-09 at 11.19.53 AM_seq_0007.npz,10,160,160,16,16
train,normal,0,WhatsApp Video 2026-09-09 at 11.19.53 AM.mp4,8,preprocessed_clean\train_10fps_160x160\normal\WhatsApp Video 2026-09-09 at 11.19.53 AM_seq_0008.npz,10,160,160,16,16
train,normal,0,WhatsApp Video 2026-09-09 at 11.19.53 AM.mp4,9,preprocessed_clean\train_10fps_160x160\normal\WhatsApp Video 2026-09-09 at 11.19.53 AM_seq_0009.npz,10,160,160,16,16
train,normal,0,WhatsApp Video 2026-09-09 at 11.19.53 AM.mp4,10,preprocessed_clean\train_10fps_160x160\normal\WhatsApp Video 2026-09-09 at 11.19.53 AM_seq_0010.npz,10,160,160,16,16
train,normal,0,WhatsApp Video 2026-09-09 at 11.19.53 AM.mp4,11,preprocessed_clean\train_10fps_160x160\normal\WhatsApp Video 2026-09-09 at 11.19.53 AM_seq_0011.npz,10,160,160,16,16
train,normal,0,WhatsApp Video 2026-09-09 at 11.20.02 AM.mp4,0,preprocessed_clean\train_10fps_160x160\normal\WhatsApp Video 2026-09-09 at 11.20.02 AM_seq_0000.npz,10,160,160,16,16
train,normal,0,WhatsApp Video 2026-09-09 at 11.20.02 AM.mp4,1,preprocessed_clean\train_10fps_160x160\normal\WhatsApp Video 2026-09-09 at 11.20.02 AM_seq_0001.npz,10,160,160,16,16
train,normal,0,WhatsApp Video 2026-09-09 at 11.20.02 AM.mp4,2,preprocessed_clean\train_10fps_160x160\normal\WhatsApp Video 2026-09-09 at 11.20.02 AM_seq_0002.npz,10,160,160,16,16
train,normal,0,WhatsApp Video 2026-09-09 at 11.20.02 AM.mp4,3,preprocessed_clean\train_10fps_160x160\normal\WhatsApp Video 2026-09-09 at 11.20.02 AM_seq_0003.npz,10,160,160,16,16
train,normal,0,WhatsApp Video 2026-09-09 at 11.20.02 AM.mp4,4,preprocessed_clean\train_10fps_160x160\normal\WhatsApp Video 2026-09-09 at 11.20.02 AM_seq_0004.npz,10,160,160,16,16
train,normal,0,WhatsApp Video 2026-09-09 at 11.20.02 AM.mp4,5,preprocessed_clean\train_10fps_160x160\normal\WhatsApp Video 2026-09-09 at 11.20.02 AM_seq_0005.npz,10,160,160,16,16
train,normal,0,WhatsApp Video 2026-09-09 at 11.20.02 AM.mp4,6,preprocessed_clean\train_10fps_160x160\normal\WhatsApp Video 2026-09-09 at 11.20.02 AM_seq_0006.npz,10,160,160,16,16
train,normal,0,WhatsApp Video 2026-09-09 at 11.20.02 AM.mp4,7,preprocessed_clean\train_10fps_160x160\normal\WhatsApp Video 2026-09-09 at 11.20.02 AM_seq_0007.npz,10,160,160,16,16
train,normal,0,WhatsApp Video 2026-09-09 at 11.20.02 AM.mp4,8,preprocessed_clean\train_10fps_160x160\normal\WhatsApp Video 2026-09-09 at 11.20.02 AM_seq_0008.npz,10,160,160,16,16
train,normal,0,WhatsApp Video 2026-09-09 at 11.20.02 AM.mp4,9,preprocessed_clean\train_10fps_160x160\normal\WhatsApp Video 2026-09-09 at 11.20.02 AM_seq_0009.npz,10,160,160,16,16
train,normal,0,WhatsApp Video 2026-09-09 at 11.20.02 AM.mp4,10,preprocessed_clean\train_10fps_160x160\normal\WhatsApp Video 2026-09-09 at 11.20.02 AM_seq_0010.npz,10,160,160,16,16
train,normal,0,WhatsApp Video 2026-09-09 at 11.20.02 AM.mp4,11,preprocessed_clean\train_10fps_160x160\normal\WhatsApp Video 2026-09-09 at 11.20.02 AM_seq_0011.npz,10,160,160,16,16
train,normal,0,WhatsApp Video 2026-09-09 at 11.20.16 AM.mp4,0,preprocessed_clean\train_10fps_160x160\normal\WhatsApp Video 2026-09-09 at 11.20.16 AM_seq_0000.npz,10,160,160,16,16
train,normal,0,WhatsApp Video 2026-09-09 at 11.20.16 AM.mp4,1,preprocessed_clean\train_10fps_160x160\normal\WhatsApp Video 2026-09-09 at 11.20.16 AM_seq_0001.npz,10,160,160,16,16
train,normal,0,WhatsApp Video 2026-09-09 at 11.20.16 AM.mp4,2,preprocessed_clean\train_10fps_160x160\normal\WhatsApp Video 2026-09-09 at 11.20.16 AM_seq_0002.npz,10,160,160,16,16
train,normal,0,WhatsApp Video 2026-09-09 at 11.20.16 AM.mp4,3,preprocessed_clean\train_10fps_160x160\normal\WhatsApp Video 2026-09-09 at 11.20.16 AM_seq_0003.npz,10,160,160,16,16
train,normal,0,WhatsApp Video 2026-09-09 at 11.20.16 AM.mp4,4,preprocessed_clean\train_10fps_160x160\normal\WhatsApp Video 2026-09-09 at 11.20.16 AM_seq_0004.npz,10,160,160,16,16
train,normal,0,WhatsApp Video 2026-09-09 at 11.20.16 AM.mp4,5,preprocessed_clean\train_10fps_160x160\normal\WhatsApp Video 2026-09-09 at 11.20.16 AM_seq_0005.npz,10,160,160,16,16
train,normal,0,WhatsApp Video 2026-09-09 at 11.20.16 AM.mp4,6,preprocessed_clean\train_10fps_160x160\normal\WhatsApp Video 2026-09-09 at 11.20.16 AM_seq_0006.npz,10,160,160,16,16
train,normal,0,WhatsApp Video 2026-09-09 at 11.20.16 AM.mp4,7,preprocessed_clean\train_10fps_160x160\normal\WhatsApp Video 2026-09-09 at 11.20.16 AM_seq_0007.npz,10,160,160,16,16
train,normal,0,WhatsApp Video 2026-09-09 at 11.20.16 AM.mp4,8,preprocessed_clean\train_10fps_160x160\normal\WhatsApp Video 2026-09-09 at 11.20.16 AM_seq_0008.npz,10,160,160,16,16
train,normal,0,WhatsApp Video 2026-09-09 at 11.20.16 AM.mp4,9,preprocessed_clean\train_10fps_160x160\normal\WhatsApp Video 2026-09-09 at 11.20.16 AM_seq_0009.npz,10,160,160,16,16
train,normal,0,WhatsApp Video 2026-09-09 at 11.20.16 AM.mp4,10,preprocessed_clean\train_10fps_160x160\normal\WhatsApp Video 2026-09-09 at 11.20.16 AM_seq_0010.npz,10,160,160,16,16
train,normal,0,WhatsApp Video 2026-09-09 at 11.20.16 AM.mp4,11,preprocessed_clean\train_10fps_160x160\normal\WhatsApp Video 2026-09-09 at 11.20.16 AM_seq_0011.npz,10,160,160,16,16
train,normal,0,WhatsApp Video 2026-09-09 at 11.20.18 AM.mp4,0,preprocessed_clean\train_10fps_160x160\normal\WhatsApp Video 2026-09-09 at 11.20.18 AM_seq_0000.npz,10,160,160,16,16
train,normal,0,WhatsApp Video 2026-09-09 at 11.20.18 AM.mp4,1,preprocessed_clean\train_10fps_160x160\normal\WhatsApp Video 2026-09-09 at 11.20.18 AM_seq_0001.npz,10,160,160,16,16
train,normal,0,WhatsApp Video 2026-09-09 at 11.20.18 AM.mp4,2,preprocessed_clean\train_10fps_160x160\normal\WhatsApp Video 2026-09-09 at 11.20.18 AM_seq_0002.npz,10,160,160,16,16
train,normal,0,WhatsApp Video 2026-09-09 at 11.20.18 AM.mp4,3,preprocessed_clean\train_10fps_160x160\normal\WhatsApp Video 2026-09-09 at 11.20.18 AM_seq_0003.npz,10,160,160,16,16
train,normal,0,WhatsApp Video 2026-09-09 at 11.20.18 AM.mp4,4,preprocessed_clean\train_10fps_160x160\normal\WhatsApp Video 2026-09-09 at 11.20.18 AM_seq_0004.npz,10,160,160,16,16
train,normal,0,WhatsApp Video 2026-09-09 at 11.20.18 AM.mp4,5,preprocessed_clean\train_10fps_160x160\normal\WhatsApp Video 2026-09-09 at 11.20.18 AM_seq_0005.npz,10,160,160,16,16
train,normal,0,WhatsApp Video 2026-09-09 at 11.20.18 AM.mp4,6,preprocessed_clean\train_10fps_160x160\normal\WhatsApp Video 2026-09-09 at 11.20.18 AM_seq_0006.npz,10,160,160,16,16
train,normal,0,WhatsApp Video 2026-09-09 at 11.20.18 AM.mp4,7,preprocessed_clean\train_10fps_160x160\normal\WhatsApp Video 2026-09-09 at 11.20.18 AM_seq_0007.npz,10,160,160,16,16
train,normal,0,WhatsApp Video 2026-09-09 at 11.20.18 AM.mp4,8,preprocessed_clean\train_10fps_160x160\normal\WhatsApp Video 2026-09-09 at 11.20.18 AM_seq_0008.npz,10,160,160,16,16
train,normal,0,WhatsApp Video 2026-09-09 at 11.20.18 AM.mp4,9,preprocessed_clean\train_10fps_160x160\normal\WhatsApp Video 2026-09-09 at 11.20.18 AM_seq_0009.npz,10,160,160,16,16
train,normal,0,WhatsApp Video 2026-09-09 at 11.20.18 AM.mp4,10,preprocessed_clean\train_10fps_160x160\normal\WhatsApp Video 2026-09-09 at 11.20.18 AM_seq_0010.npz,10,160,160,16,16
train,normal,0,WhatsApp Video 2026-09-09 at 11.20.18 AM.mp4,11,preprocessed_clean\train_10fps_160x160\normal\WhatsApp Video 2026-09-09 at 11.20.18 AM_seq_0011.npz,10,160,160,16,16
train,normal,0,WhatsApp Video 2026-09-09 at 11.20.23 AM.mp4,0,preprocessed_clean\train_10fps_160x160\normal\WhatsApp Video 2026-09-09 at 11.20.23 AM_seq_0000.npz,10,160,160,16,16
train,normal,0,WhatsApp Video 2026-09-09 at 11.20.23 AM.mp4,1,preprocessed_clean\train_10fps_160x160\normal\WhatsApp Video 2026-09-09 at 11.20.23 AM_seq_0001.npz,10,160,160,16,16
train,normal,0,WhatsApp Video 2026-09-09 at 11.20.23 AM.mp4,2,preprocessed_clean\train_10fps_160x160\normal\WhatsApp Video 2026-09-09 at 11.20.23 AM_seq_0002.npz,10,160,160,16,16
train,normal,0,WhatsApp Video 2026-09-09 at 11.20.23 AM.mp4,3,preprocessed_clean\train_10fps_160x160\normal\WhatsApp Video 2026-09-09 at 11.20.23 AM_seq_0003.npz,10,160,160,16,16
train,normal,0,WhatsApp Video 2026-09-09 at 11.20.23 AM.mp4,4,preprocessed_clean\train_10fps_160x160\normal\WhatsApp Video 2026-09-09 at 11.20.23 AM_seq_0004.npz,10,160,160,16,16
train,normal,0,WhatsApp Video 2026-09-09 at 11.20.23 AM.mp4,5,preprocessed_clean\train_10fps_160x160\normal\WhatsApp Video 2026-09-09 at 11.20.23 AM_seq_0005.npz,10,160,160,16,16
train,normal,0,WhatsApp Video 2026-09-09 at 11.20.23 AM.mp4,6,preprocessed_clean\train_10fps_160x160\normal\WhatsApp Video 2026-09-09 at 11.20.23 AM_seq_0006.npz,10,160,160,16,16
train,normal,0,WhatsApp Video 2026-09-09 at 11.20.23 AM.mp4,7,preprocessed_clean\train_10fps_160x160\normal\WhatsApp Video 2026-09-09 at 11.20.23 AM_seq_0007.npz,10,160,160,16,16
train,normal,0,WhatsApp Video 2026-09-09 at 11.20.23 AM.mp4,8,preprocessed_clean\train_10fps_160x160\normal\WhatsApp Video 2026-09-09 at 11.20.23 AM_seq_0008.npz,10,160,160,16,16
train,normal,0,WhatsApp Video 2026-09-09 at 11.20.23 AM.mp4,9,preprocessed_clean\train_10fps_160x160\normal\WhatsApp Video 2026-09-09 at 11.20.23 AM_seq_0009.npz,10,160,160,16,16
train,normal,0,WhatsApp Video 2026-09-09 at 11.20.23 AM.mp4,10,preprocessed_clean\train_10fps_160x160\normal\WhatsApp Video 2026-09-09 at 11.20.23 AM_seq_0010.npz,10,160,160,16,16
train,normal,0,WhatsApp Video 2026-09-09 at 11.20.23 AM.mp4,11,preprocessed_clean\train_10fps_160x160\normal\WhatsApp Video 2026-09-09 at 11.20.23 AM_seq_0011.npz,10,160,160,16,16
train,normal,0,WhatsApp Video 2026-09-09 at 11.20.26 AM.mp4,0,preprocessed_clean\train_10fps_160x160\normal\WhatsApp Video 2026-09-09 at 11.20.26 AM_seq_0000.npz,10,160,160,16,16
train,normal,0,WhatsApp Video 2026-09-09 at 11.20.26 AM.mp4,1,preprocessed_clean\train_10fps_160x160\normal\WhatsApp Video 2026-09-09 at 11.20.26 AM_seq_0001.npz,10,160,160,16,16
train,normal,0,WhatsApp Video 2026-09-09 at 11.20.26 AM.mp4,2,preprocessed_clean\train_10fps_160x160\normal\WhatsApp Video 2026-09-09 at 11.20.26 AM_seq_0002.npz,10,160,160,16,16
train,normal,0,WhatsApp Video 2026-09-09 at 11.20.26 AM.mp4,3,preprocessed_clean\train_10fps_160x160\normal\WhatsApp Video 2026-09-09 at 11.20.26 AM_seq_0003.npz,10,160,160,16,16
train,normal,0,WhatsApp Video 2026-09-09 at 11.20.26 AM.mp4,4,preprocessed_clean\train_10fps_160x160\normal\WhatsApp Video 2026-09-09 at 11.20.26 AM_seq_0004.npz,10,160,160,16,16
train,normal,0,WhatsApp Video 2026-09-09 at 11.20.26 AM.mp4,5,preprocessed_clean\train_10fps_160x160\normal\WhatsApp Video 2026-09-09 at 11.20.26 AM_seq_0005.npz,10,160,160,16,16
train,normal,0,WhatsApp Video 2026-09-09 at 11.20.26 AM.mp4,6,preprocessed_clean\train_10fps_160x160\normal\WhatsApp Video 2026-09-09 at 11.20.26 AM_seq_0006.npz,10,160,160,16,16
train,normal,0,WhatsApp Video 2026-09-09 at 11.20.26 AM.mp4,7,preprocessed_clean\train_10fps_160x160\normal\WhatsApp Video 2026-09-09 at 11.20.26 AM_seq_0007.npz,10,160,160,16,16
train,normal,0,WhatsApp Video 2026-09-09 at 11.20.26 AM.mp4,8,preprocessed_clean\train_10fps_160x160\normal\WhatsApp Video 2026-09-09 at 11.20.26 AM_seq_0008.npz,10,160,160,16,16
train,normal,0,WhatsApp Video 2026-09-09 at 11.20.26 AM.mp4,9,preprocessed_clean\train_10fps_160x160\normal\WhatsApp Video 2026-09-09 at 11.20.26 AM_seq_0009.npz,10,160,160,16,16
train,normal,0,WhatsApp Video 2026-09-09 at 11.20.42 AM.mp4,0,preprocessed_clean\train_10fps_160x160\normal\WhatsApp Video 2026-09-09 at 11.20.42 AM_seq_0000.npz,10,160,160,16,16
train,normal,0,WhatsApp Video 2026-09-09 at 11.20.42 AM.mp4,1,preprocessed_clean\train_10fps_160x160\normal\WhatsApp Video 2026-09-09 at 11.20.42 AM_seq_0001.npz,10,160,160,16,16
train,normal,0,WhatsApp Video 2026-09-09 at 11.20.42 AM.mp4,2,preprocessed_clean\train_10fps_160x160\normal\WhatsApp Video 2026-09-09 at 11.20.42 AM_seq_0002.npz,10,160,160,16,16
train,normal,0,WhatsApp Video 2026-09-09 at 11.20.42 AM.mp4,3,preprocessed_clean\train_10fps_160x160\normal\WhatsApp Video 2026-09-09 at 11.20.42 AM_seq_0003.npz,10,160,160,16,16
train,normal,0,WhatsApp Video 2026-09-09 at 11.20.42 AM.mp4,4,preprocessed_clean\train_10fps_160x160\normal\WhatsApp Video 2026-09-09 at 11.20.42 AM_seq_0004.npz,10,160,160,16,16
train,normal,0,WhatsApp Video 2026-09-09 at 11.20.42 AM.mp4,5,preprocessed_clean\train_10fps_160x160\normal\WhatsApp Video 2026-09-09 at 11.20.42 AM_seq_0005.npz,10,160,160,16,16
train,normal,0,WhatsApp Video 2026-09-09 at 11.20.42 AM.mp4,6,preprocessed_clean\train_10fps_160x160\normal\WhatsApp Video 2026-09-09 at 11.20.42 AM_seq_0006.npz,10,160,160,16,16
train,normal,0,WhatsApp Video 2026-09-09 at 11.20.42 AM.mp4,7,preprocessed_clean\train_10fps_160x160\normal\WhatsApp Video 2026-09-09 at 11.20.42 AM_seq_0007.npz,10,160,160,16,16
train,normal,0,WhatsApp Video 2026-09-09 at 11.20.42 AM.mp4,8,preprocessed_clean\train_10fps_160x160\normal\WhatsApp Video 2026-09-09 at 11.20.42 AM_seq_0008.npz,10,160,160,16,16
train,normal,0,WhatsApp Video 2026-09-09 at 11.20.42 AM.mp4,9,preprocessed_clean\train_10fps_160x160\normal\WhatsApp Video 2026-09-09 at 11.20.42 AM_seq_0009.npz,10,160,160,16,16
train,normal,0,WhatsApp Video 2026-09-09 at 11.20.42 AM.mp4,10,preprocessed_clean\train_10fps_160x160\normal\WhatsApp Video 2026-09-09 at 11.20.42 AM_seq_0010.npz,10,160,160,16,16
train,normal,0,WhatsApp Video 2026-09-09 at 11.20.42 AM.mp4,11,preprocessed_clean\train_10fps_160x160\normal\WhatsApp Video 2026-09-09 at 11.20.42 AM_seq_0011.npz,10,160,160,16,16
train,normal,0,WhatsApp Video 2026-09-09 at 11.20.50 AM.mp4,0,preprocessed_clean\train_10fps_160x160\normal\WhatsApp Video 2026-09-09 at 11.20.50 AM_seq_0000.npz,10,160,160,16,16
train,normal,0,WhatsApp Video 2026-09-09 at 11.20.50 AM.mp4,1,preprocessed_clean\train_10fps_160x160\normal\WhatsApp Video 2026-09-09 at 11.20.50 AM_seq_0001.npz,10,160,160,16,16
train,normal,0,WhatsApp Video 2026-09-09 at 11.20.50 AM.mp4,2,preprocessed_clean\train_10fps_160x160\normal\WhatsApp Video 2026-09-09 at 11.20.50 AM_seq_0002.npz,10,160,160,16,16
train,normal,0,WhatsApp Video 2026-09-09 at 11.20.50 AM.mp4,3,preprocessed_clean\train_10fps_160x160\normal\WhatsApp Video 2026-09-09 at 11.20.50 AM_seq_0003.npz,10,160,160,16,16
train,normal,0,WhatsApp Video 2026-09-09 at 11.20.50 AM.mp4,4,preprocessed_clean\train_10fps_160x160\normal\WhatsApp Video 2026-09-09 at 11.20.50 AM_seq_0004.npz,10,160,160,16,16
train,normal,0,WhatsApp Video 2026-09-09 at 11.20.50 AM.mp4,5,preprocessed_clean\train_10fps_160x160\normal\WhatsApp Video 2026-09-09 at 11.20.50 AM_seq_0005.npz,10,160,160,16,16
train,normal,0,WhatsApp Video 2026-09-09 at 11.20.50 AM.mp4,6,preprocessed_clean\train_10fps_160x160\normal\WhatsApp Video 2026-09-09 at 11.20.50 AM_seq_0006.npz,10,160,160,16,16
train,normal,0,WhatsApp Video 2026-09-09 at 11.20.50 AM.mp4,7,preprocessed_clean\train_10fps_160x160\normal\WhatsApp Video 2026-09-09 at 11.20.50 AM_seq_0007.npz,10,160,160,16,16
train,normal,0,WhatsApp Video 2026-09-09 at 11.20.50 AM.mp4,8,preprocessed_clean\train_10fps_160x160\normal\WhatsApp Video 2026-09-09 at 11.20.50 AM_seq_0008.npz,10,160,160,16,16
train,normal,0,WhatsApp Video 2026-09-09 at 11.20.50 AM.mp4,9,preprocessed_clean\train_10fps_160x160\normal\WhatsApp Video 2026-09-09 at 11.20.50 AM_seq_0009.npz,10,160,160,16,16
train,normal,0,WhatsApp Video 2026-09-09 at 11.20.50 AM.mp4,10,preprocessed_clean\train_10fps_160x160\normal\WhatsApp Video 2026-09-09 at 11.20.50 AM_seq_0010.npz,10,160,160,16,16
train,normal,0,WhatsApp Video 2026-09-09 at 11.20.50 AM.mp4,11,preprocessed_clean\train_10fps_160x160\normal\WhatsApp Video 2026-09-09 at 11.20.50 AM_seq_0011.npz,10,160,160,16,16
train,normal,0,WhatsApp Video 2026-09-09 at 11.20.57 AM.mp4,0,preprocessed_clean\train_10fps_160x160\normal\WhatsApp Video 2026-09-09 at 11.20.57 AM_seq_0000.npz,10,160,160,16,16
train,normal,0,WhatsApp Video 2026-09-09 at 11.20.57 AM.mp4,1,preprocessed_clean\train_10fps_160x160\normal\WhatsApp Video 2026-09-09 at 11.20.57 AM_seq_0001.npz,10,160,160,16,16
train,normal,0,WhatsApp Video 2026-09-09 at 11.20.57 AM.mp4,2,preprocessed_clean\train_10fps_160x160\normal\WhatsApp Video 2026-09-09 at 11.20.57 AM_seq_0002.npz,10,160,160,16,16
train,normal,0,WhatsApp Video 2026-09-09 at 11.20.57 AM.mp4,3,preprocessed_clean\train_10fps_160x160\normal\WhatsApp Video 2026-09-09 at 11.20.57 AM_seq_0003.npz,10,160,160,16,16
train,normal,0,WhatsApp Video 2026-09-09 at 11.20.57 AM.mp4,4,preprocessed_clean\train_10fps_160x160\normal\WhatsApp Video 2026-09-09 at 11.20.57 AM_seq_0004.npz,10,160,160,16,16
train,normal,0,WhatsApp Video 2026-09-09 at 11.20.57 AM.mp4,5,preprocessed_clean\train_10fps_160x160\normal\WhatsApp Video 2026-09-09 at 11.20.57 AM_seq_0005.npz,10,160,160,16,16
train,normal,0,WhatsApp Video 2026-09-09 at 11.20.57 AM.mp4,6,preprocessed_clean\train_10fps_160x160\normal\WhatsApp Video 2026-09-09 at 11.20.57 AM_seq_0006.npz,10,160,160,16,16
train,normal,0,WhatsApp Video 2026-09-09 at 11.20.57 AM.mp4,7,preprocessed_clean\train_10fps_160x160\normal\WhatsApp Video 2026-09-09 at 11.20.57 AM_seq_0007.npz,10,160,160,16,16
train,normal,0,WhatsApp Video 2026-09-09 at 11.20.57 AM.mp4,8,preprocessed_clean\train_10fps_160x160\normal\WhatsApp Video 2026-09-09 at 11.20.57 AM_seq_0008.npz,10,160,160,16,16
train,normal,0,WhatsApp Video 2026-09-09 at 11.20.57 AM.mp4,9,preprocessed_clean\train_10fps_160x160\normal\WhatsApp Video 2026-09-09 at 11.20.57 AM_seq_0009.npz,10,160,160,16,16
train,normal,0,WhatsApp Video 2026-09-09 at 11.20.57 AM.mp4,10,preprocessed_clean\train_10fps_160x160\normal\WhatsApp Video 2026-09-09 at 11.20.57 AM_seq_0010.npz,10,160,160,16,16
train,normal,0,WhatsApp Video 2026-09-09 at 11.20.57 AM.mp4,11,preprocessed_clean\train_10fps_160x160\normal\WhatsApp Video 2026-09-09 at 11.20.57 AM_seq_0011.npz,10,160,160,16,16
train,normal,0,WhatsApp Video 2026-09-09 at 11.21.01 AM.mp4,0,preprocessed_clean\train_10fps_160x160\normal\WhatsApp Video 2026-09-09 at 11.21.01 AM_seq_0000.npz,10,160,160,16,16
train,normal,0,WhatsApp Video 2026-09-09 at 11.21.01 AM.mp4,1,preprocessed_clean\train_10fps_160x160\normal\WhatsApp Video 2026-09-09 at 11.21.01 AM_seq_0001.npz,10,160,160,16,16
train,normal,0,WhatsApp Video 2026-09-09 at 11.21.01 AM.mp4,2,preprocessed_clean\train_10fps_160x160\normal\WhatsApp Video 2026-09-09 at 11.21.01 AM_seq_0002.npz,10,160,160,16,16
train,normal,0,WhatsApp Video 2026-09-09 at 11.21.01 AM.mp4,3,preprocessed_clean\train_10fps_160x160\normal\WhatsApp Video 2026-09-09 at 11.21.01 AM_seq_0003.npz,10,160,160,16,16
train,normal,0,WhatsApp Video 2026-09-09 at 11.21.01 AM.mp4,4,preprocessed_clean\train_10fps_160x160\normal\WhatsApp Video 2026-09-09 at 11.21.01 AM_seq_0004.npz,10,160,160,16,16
train,normal,0,WhatsApp Video 2026-09-09 at 11.21.01 AM.mp4,5,preprocessed_clean\train_10fps_160x160\normal\WhatsApp Video 2026-09-09 at 11.21.01 AM_seq_0005.npz,10,160,160,16,16
train,normal,0,WhatsApp Video 2026-09-09 at 11.21.01 AM.mp4,6,preprocessed_clean\train_10fps_160x160\normal\WhatsApp Video 2026-09-09 at 11.21.01 AM_seq_0006.npz,10,160,160,16,16
train,normal,0,WhatsApp Video 2026-09-09 at 11.21.01 AM.mp4,7,preprocessed_clean\train_10fps_160x160\normal\WhatsApp Video 2026-09-09 at 11.21.01 AM_seq_0007.npz,10,160,160,16,16
train,normal,0,WhatsApp Video 2026-09-09 at 11.21.01 AM.mp4,8,preprocessed_clean\train_10fps_160x160\normal\WhatsApp Video 2026-09-09 at 11.21.01 AM_seq_0008.npz,10,160,160,16,16
train,normal,0,WhatsApp Video 2026-09-09 at 11.21.01 AM.mp4,9,preprocessed_clean\train_10fps_160x160\normal\WhatsApp Video 2026-09-09 at 11.21.01 AM_seq_0009.npz,10,160,160,16,16
train,normal,0,WhatsApp Video 2026-09-09 at 11.21.01 AM.mp4,10,preprocessed_clean\train_10fps_160x160\normal\WhatsApp Video 2026-09-09 at 11.21.01 AM_seq_0010.npz,10,160,160,16,16
train,normal,0,WhatsApp Video 2026-09-09 at 11.21.01 AM.mp4,11,preprocessed_clean\train_10fps_160x160\normal\WhatsApp Video 2026-09-09 at 11.21.01 AM_seq_0011.npz,10,160,160,16,16
train,normal,0,WhatsApp Video 2026-09-09 at 11.21.04 AM.mp4,0,preprocessed_clean\train_10fps_160x160\normal\WhatsApp Video 2026-09-09 at 11.21.04 AM_seq_0000.npz,10,160,160,16,16
train,normal,0,WhatsApp Video 2026-09-09 at 11.21.04 AM.mp4,1,preprocessed_clean\train_10fps_160x160\normal\WhatsApp Video 2026-09-09 at 11.21.04 AM_seq_0001.npz,10,160,160,16,16
train,normal,0,WhatsApp Video 2026-09-09 at 11.21.04 AM.mp4,2,preprocessed_clean\train_10fps_160x160\normal\WhatsApp Video 2026-09-09 at 11.21.04 AM_seq_0002.npz,10,160,160,16,16
train,normal,0,WhatsApp Video 2026-09-09 at 11.21.04 AM.mp4,3,preprocessed_clean\train_10fps_160x160\normal\WhatsApp Video 2026-09-09 at 11.21.04 AM_seq_0003.npz,10,160,160,16,16
train,normal,0,WhatsApp Video 2026-09-09 at 11.21.04 AM.mp4,4,preprocessed_clean\train_10fps_160x160\normal\WhatsApp Video 2026-09-09 at 11.21.04 AM_seq_0004.npz,10,160,160,16,16
train,normal,0,WhatsApp Video 2026-09-09 at 11.21.04 AM.mp4,5,preprocessed_clean\train_10fps_160x160\normal\WhatsApp Video 2026-09-09 at 11.21.04 AM_seq_0005.npz,10,160,160,16,16
train,normal,0,WhatsApp Video 2026-09-09 at 11.21.04 AM.mp4,6,preprocessed_clean\train_10fps_160x160\normal\WhatsApp Video 2026-09-09 at 11.21.04 AM_seq_0006.npz,10,160,160,16,16
train,normal,0,WhatsApp Video 2026-09-09 at 11.21.04 AM.mp4,7,preprocessed_clean\train_10fps_160x160\normal\WhatsApp Video 2026-09-09 at 11.21.04 AM_seq_0007.npz,10,160,160,16,16
train,normal,0,WhatsApp Video 2026-09-09 at 11.21.04 AM.mp4,8,preprocessed_clean\train_10fps_160x160\normal\WhatsApp Video 2026-09-09 at 11.21.04 AM_seq_0008.npz,10,160,160,16,16
train,normal,0,WhatsApp Video 2026-09-09 at 11.21.04 AM.mp4,9,preprocessed_clean\train_10fps_160x160\normal\WhatsApp Video 2026-09-09 at 11.21.04 AM_seq_0009.npz,10,160,160,16,16
train,normal,0,WhatsApp Video 2026-09-09 at 11.21.04 AM.mp4,10,preprocessed_clean\train_10fps_160x160\normal\WhatsApp Video 2026-09-09 at 11.21.04 AM_seq_0010.npz,10,160,160,16,16
train,normal,0,WhatsApp Video 2026-09-09 at 11.21.04 AM.mp4,11,preprocessed_clean\train_10fps_160x160\normal\WhatsApp Video 2026-09-09 at 11.21.04 AM_seq_0011.npz,10,160,160,16,16
train,normal,0,WhatsApp Video 2026-09-09 at 11.21.07 AM.mp4,0,preprocessed_clean\train_10fps_160x160\normal\WhatsApp Video 2026-09-09 at 11.21.07 AM_seq_0000.npz,10,160,160,16,16
train,normal,0,WhatsApp Video 2026-09-09 at 11.21.07 AM.mp4,1,preprocessed_clean\train_10fps_160x160\normal\WhatsApp Video 2026-09-09 at 11.21.07 AM_seq_0001.npz,10,160,160,16,16
train,normal,0,WhatsApp Video 2026-09-09 at 11.21.07 AM.mp4,2,preprocessed_clean\train_10fps_160x160\normal\WhatsApp Video 2026-09-09 at 11.21.07 AM_seq_0002.npz,10,160,160,16,16
train,normal,0,WhatsApp Video 2026-09-09 at 11.21.07 AM.mp4,3,preprocessed_clean\train_10fps_160x160\normal\WhatsApp Video 2026-09-09 at 11.21.07 AM_seq_0003.npz,10,160,160,16,16
train,normal,0,WhatsApp Video 2026-09-09 at 11.21.07 AM.mp4,4,preprocessed_clean\train_10fps_160x160\normal\WhatsApp Video 2026-09-09 at 11.21.07 AM_seq_0004.npz,10,160,160,16,16
train,normal,0,WhatsApp Video 2026-09-09 at 11.21.07 AM.mp4,5,preprocessed_clean\train_10fps_160x160\normal\WhatsApp Video 2026-09-09 at 11.21.07 AM_seq_0005.npz,10,160,160,16,16
train,normal,0,WhatsApp Video 2026-09-09 at 11.21.07 AM.mp4,6,preprocessed_clean\train_10fps_160x160\normal\WhatsApp Video 2026-09-09 at 11.21.07 AM_seq_0006.npz,10,160,160,16,16
train,normal,0,WhatsApp Video 2026-09-09 at 11.21.07 AM.mp4,7,preprocessed_clean\train_10fps_160x160\normal\WhatsApp Video 2026-09-09 at 11.21.07 AM_seq_0007.npz,10,160,160,16,16
train,normal,0,WhatsApp Video 2026-09-09 at 11.21.07 AM.mp4,8,preprocessed_clean\train_10fps_160x160\normal\WhatsApp Video 2026-09-09 at 11.21.07 AM_seq_0008.npz,10,160,160,16,16
train,normal,0,WhatsApp Video 2026-09-09 at 11.21.07 AM.mp4,9,preprocessed_clean\train_10fps_160x160\normal\WhatsApp Video 2026-09-09 at 11.21.07 AM_seq_0009.npz,10,160,160,16,16
train,normal,0,WhatsApp Video 2026-09-09 at 11.21.07 AM.mp4,10,preprocessed_clean\train_10fps_160x160\normal\WhatsApp Video 2026-09-09 at 11.21.07 AM_seq_0010.npz,10,160,160,16,16
train,normal,0,WhatsApp Video 2026-09-09 at 11.21.07 AM.mp4,11,preprocessed_clean\train_10fps_160x160\normal\WhatsApp Video 2026-09-09 at 11.21.07 AM_seq_0011.npz,10,160,160,16,16
train,normal,0,WhatsApp Video 2026-09-09 at 11.21.13 AM.mp4,0,preprocessed_clean\train_10fps_160x160\normal\WhatsApp Video 2026-09-09 at 11.21.13 AM_seq_0000.npz,10,160,160,16,16
train,normal,0,WhatsApp Video 2026-09-09 at 11.21.13 AM.mp4,1,preprocessed_clean\train_10fps_160x160\normal\WhatsApp Video 2026-09-09 at 11.21.13 AM_seq_0001.npz,10,160,160,16,16
train,normal,0,WhatsApp Video 2026-09-09 at 11.21.13 AM.mp4,2,preprocessed_clean\train_10fps_160x160\normal\WhatsApp Video 2026-09-09 at 11.21.13 AM_seq_0002.npz,10,160,160,16,16
train,normal,0,WhatsApp Video 2026-09-09 at 11.21.13 AM.mp4,3,preprocessed_clean\train_10fps_160x160\normal\WhatsApp Video 2026-09-09 at 11.21.13 AM_seq_0003.npz,10,160,160,16,16
train,normal,0,WhatsApp Video 2026-09-09 at 11.21.13 AM.mp4,4,preprocessed_clean\train_10fps_160x160\normal\WhatsApp Video 2026-09-09 at 11.21.13 AM_seq_0004.npz,10,160,160,16,16
train,normal,0,WhatsApp Video 2026-09-09 at 11.21.13 AM.mp4,5,preprocessed_clean\train_10fps_160x160\normal\WhatsApp Video 2026-09-09 at 11.21.13 AM_seq_0005.npz,10,160,160,16,16
train,normal,0,WhatsApp Video 2026-09-09 at 11.21.13 AM.mp4,6,preprocessed_clean\train_10fps_160x160\normal\WhatsApp Video 2026-09-09 at 11.21.13 AM_seq_0006.npz,10,160,160,16,16
train,normal,0,WhatsApp Video 2026-09-09 at 11.21.13 AM.mp4,7,preprocessed_clean\train_10fps_160x160\normal\WhatsApp Video 2026-09-09 at 11.21.13 AM_seq_0007.npz,10,160,160,16,16
train,normal,0,WhatsApp Video 2026-09-09 at 11.21.13 AM.mp4,8,preprocessed_clean\train_10fps_160x160\normal\WhatsApp Video 2026-09-09 at 11.21.13 AM_seq_0008.npz,10,160,160,16,16
train,normal,0,WhatsApp Video 2026-09-09 at 11.21.13 AM.mp4,9,preprocessed_clean\train_10fps_160x160\normal\WhatsApp Video 2026-09-09 at 11.21.13 AM_seq_0009.npz,10,160,160,16,16
train,normal,0,WhatsApp Video 2026-09-09 at 11.21.13 AM.mp4,10,preprocessed_clean\train_10fps_160x160\normal\WhatsApp Video 2026-09-09 at 11.21.13 AM_seq_0010.npz,10,160,160,16,16
train,normal,0,WhatsApp Video 2026-09-09 at 11.21.16 AM.mp4,0,preprocessed_clean\train_10fps_160x160\normal\WhatsApp Video 2026-09-09 at 11.21.16 AM_seq_0000.npz,10,160,160,16,16
train,normal,0,WhatsApp Video 2026-09-09 at 11.21.16 AM.mp4,1,preprocessed_clean\train_10fps_160x160\normal\WhatsApp Video 2026-09-09 at 11.21.16 AM_seq_0001.npz,10,160,160,16,16
train,normal,0,WhatsApp Video 2026-09-09 at 11.21.16 AM.mp4,2,preprocessed_clean\train_10fps_160x160\normal\WhatsApp Video 2026-09-09 at 11.21.16 AM_seq_0002.npz,10,160,160,16,16
train,normal,0,WhatsApp Video 2026-09-09 at 11.21.16 AM.mp4,3,preprocessed_clean\train_10fps_160x160\normal\WhatsApp Video 2026-09-09 at 11.21.16 AM_seq_0003.npz,10,160,160,16,16
train,normal,0,WhatsApp Video 2026-09-09 at 11.21.16 AM.mp4,4,preprocessed_clean\train_10fps_160x160\normal\WhatsApp Video 2026-09-09 at 11.21.16 AM_seq_0004.npz,10,160,160,16,16
train,normal,0,WhatsApp Video 2026-09-09 at 11.21.16 AM.mp4,5,preprocessed_clean\train_10fps_160x160\normal\WhatsApp Video 2026-09-09 at 11.21.16 AM_seq_0005.npz,10,160,160,16,16
train,normal,0,WhatsApp Video 2026-09-09 at 11.21.16 AM.mp4,6,preprocessed_clean\train_10fps_160x160\normal\WhatsApp Video 2026-09-09 at 11.21.16 AM_seq_0006.npz,10,160,160,16,16
train,normal,0,WhatsApp Video 2026-09-09 at 11.21.16 AM.mp4,7,preprocessed_clean\train_10fps_160x160\normal\WhatsApp Video 2026-09-09 at 11.21.16 AM_seq_0007.npz,10,160,160,16,16
train,normal,0,WhatsApp Video 2026-09-09 at 11.21.16 AM.mp4,8,preprocessed_clean\train_10fps_160x160\normal\WhatsApp Video 2026-09-09 at 11.21.16 AM_seq_0008.npz,10,160,160,16,16
train,normal,0,WhatsApp Video 2026-09-09 at 11.21.16 AM.mp4,9,preprocessed_clean\train_10fps_160x160\normal\WhatsApp Video 2026-09-09 at 11.21.16 AM_seq_0009.npz,10,160,160,16,16
train,normal,0,WhatsApp Video 2026-09-09 at 11.21.16 AM.mp4,10,preprocessed_clean\train_10fps_160x160\normal\WhatsApp Video 2026-09-09 at 11.21.16 AM_seq_0010.npz,10,160,160,16,16
train,normal,0,WhatsApp Video 2026-09-09 at 11.21.16 AM.mp4,11,preprocessed_clean\train_10fps_160x160\normal\WhatsApp Video 2026-09-09 at 11.21.16 AM_seq_0011.npz,10,160,160,16,16
train,normal,0,WhatsApp Video 2026-09-09 at 11.21.22 AM.mp4,0,preprocessed_clean\train_10fps_160x160\normal\WhatsApp Video 2026-09-09 at 11.21.22 AM_seq_0000.npz,10,160,160,16,16
train,normal,0,WhatsApp Video 2026-09-09 at 11.21.22 AM.mp4,1,preprocessed_clean\train_10fps_160x160\normal\WhatsApp Video 2026-09-09 at 11.21.22 AM_seq_0001.npz,10,160,160,16,16
train,normal,0,WhatsApp Video 2026-09-09 at 11.21.22 AM.mp4,2,preprocessed_clean\train_10fps_160x160\normal\WhatsApp Video 2026-09-09 at 11.21.22 AM_seq_0002.npz,10,160,160,16,16
train,normal,0,WhatsApp Video 2026-09-09 at 11.21.22 AM.mp4,3,preprocessed_clean\train_10fps_160x160\normal\WhatsApp Video 2026-09-09 at 11.21.22 AM_seq_0003.npz,10,160,160,16,16
train,normal,0,WhatsApp Video 2026-09-09 at 11.21.22 AM.mp4,4,preprocessed_clean\train_10fps_160x160\normal\WhatsApp Video 2026-09-09 at 11.21.22 AM_seq_0004.npz,10,160,160,16,16
train,normal,0,WhatsApp Video 2026-09-09 at 11.21.22 AM.mp4,5,preprocessed_clean\train_10fps_160x160\normal\WhatsApp Video 2026-09-09 at 11.21.22 AM_seq_0005.npz,10,160,160,16,16
train,normal,0,WhatsApp Video 2026-09-09 at 11.21.22 AM.mp4,6,preprocessed_clean\train_10fps_160x160\normal\WhatsApp Video 2026-09-09 at 11.21.22 AM_seq_0006.npz,10,160,160,16,16
train,normal,0,WhatsApp Video 2026-09-09 at 11.21.22 AM.mp4,7,preprocessed_clean\train_10fps_160x160\normal\WhatsApp Video 2026-09-09 at 11.21.22 AM_seq_0007.npz,10,160,160,16,16
train,normal,0,WhatsApp Video 2026-09-09 at 11.21.22 AM.mp4,8,preprocessed_clean\train_10fps_160x160\normal\WhatsApp Video 2026-09-09 at 11.21.22 AM_seq_0008.npz,10,160,160,16,16
train,normal,0,WhatsApp Video 2026-09-09 at 11.21.22 AM.mp4,9,preprocessed_clean\train_10fps_160x160\normal\WhatsApp Video 2026-09-09 at 11.21.22 AM_seq_0009.npz,10,160,160,16,16
train,normal,0,WhatsApp Video 2026-09-09 at 11.21.22 AM.mp4,10,preprocessed_clean\train_10fps_160x160\normal\WhatsApp Video 2026-09-09 at 11.21.22 AM_seq_0010.npz,10,160,160,16,16
train,normal,0,WhatsApp Video 2026-09-09 at 11.21.32 AM.mp4,0,preprocessed_clean\train_10fps_160x160\normal\WhatsApp Video 2026-09-09 at 11.21.32 AM_seq_0000.npz,10,160,160,16,16
train,normal,0,WhatsApp Video 2026-09-09 at 11.21.32 AM.mp4,1,preprocessed_clean\train_10fps_160x160\normal\WhatsApp Video 2026-09-09 at 11.21.32 AM_seq_0001.npz,10,160,160,16,16
train,normal,0,WhatsApp Video 2026-09-09 at 11.21.32 AM.mp4,2,preprocessed_clean\train_10fps_160x160\normal\WhatsApp Video 2026-09-09 at 11.21.32 AM_seq_0002.npz,10,160,160,16,16
train,normal,0,WhatsApp Video 2026-09-09 at 11.21.32 AM.mp4,3,preprocessed_clean\train_10fps_160x160\normal\WhatsApp Video 2026-09-09 at 11.21.32 AM_seq_0003.npz,10,160,160,16,16
train,normal,0,WhatsApp Video 2026-09-09 at 11.21.32 AM.mp4,4,preprocessed_clean\train_10fps_160x160\normal\WhatsApp Video 2026-09-09 at 11.21.32 AM_seq_0004.npz,10,160,160,16,16
train,normal,0,WhatsApp Video 2026-09-09 at 11.21.32 AM.mp4,5,preprocessed_clean\train_10fps_160x160\normal\WhatsApp Video 2026-09-09 at 11.21.32 AM_seq_0005.npz,10,160,160,16,16
train,normal,0,WhatsApp Video 2026-09-09 at 11.21.32 AM.mp4,6,preprocessed_clean\train_10fps_160x160\normal\WhatsApp Video 2026-09-09 at 11.21.32 AM_seq_0006.npz,10,160,160,16,16
train,normal,0,WhatsApp Video 2026-09-09 at 11.21.32 AM.mp4,7,preprocessed_clean\train_10fps_160x160\normal\WhatsApp Video 2026-09-09 at 11.21.32 AM_seq_0007.npz,10,160,160,16,16
train,normal,0,WhatsApp Video 2026-09-09 at 11.21.32 AM.mp4,8,preprocessed_clean\train_10fps_160x160\normal\WhatsApp Video 2026-09-09 at 11.21.32 AM_seq_0008.npz,10,160,160,16,16
train,normal,0,WhatsApp Video 2026-09-09 at 11.21.32 AM.mp4,9,preprocessed_clean\train_10fps_160x160\normal\WhatsApp Video 2026-09-09 at 11.21.32 AM_seq_0009.npz,10,160,160,16,16
train,normal,0,WhatsApp Video 2026-09-09 at 11.21.32 AM.mp4,10,preprocessed_clean\train_10fps_160x160\normal\WhatsApp Video 2026-09-09 at 11.21.32 AM_seq_0010.npz,10,160,160,16,16
train,normal,0,WhatsApp Video 2026-09-09 at 11.21.32 AM.mp4,11,preprocessed_clean\train_10fps_160x160\normal\WhatsApp Video 2026-09-09 at 11.21.32 AM_seq_0011.npz,10,160,160,16,16
train,normal,0,WhatsApp Video 2026-09-09 at 11.21.59 AM.mp4,0,preprocessed_clean\train_10fps_160x160\normal\WhatsApp Video 2026-09-09 at 11.21.59 AM_seq_0000.npz,10,160,160,16,16
train,normal,0,WhatsApp Video 2026-09-09 at 11.21.59 AM.mp4,1,preprocessed_clean\train_10fps_160x160\normal\WhatsApp Video 2026-09-09 at 11.21.59 AM_seq_0001.npz,10,160,160,16,16
train,normal,0,WhatsApp Video 2026-09-09 at 11.21.59 AM.mp4,2,preprocessed_clean\train_10fps_160x160\normal\WhatsApp Video 2026-09-09 at 11.21.59 AM_seq_0002.npz,10,160,160,16,16
train,normal,0,WhatsApp Video 2026-09-09 at 11.21.59 AM.mp4,3,preprocessed_clean\train_10fps_160x160\normal\WhatsApp Video 2026-09-09 at 11.21.59 AM_seq_0003.npz,10,160,160,16,16
train,normal,0,WhatsApp Video 2026-09-09 at 11.21.59 AM.mp4,4,preprocessed_clean\train_10fps_160x160\normal\WhatsApp Video 2026-09-09 at 11.21.59 AM_seq_0004.npz,10,160,160,16,16
train,normal,0,WhatsApp Video 2026-09-09 at 11.21.59 AM.mp4,5,preprocessed_clean\train_10fps_160x160\normal\WhatsApp Video 2026-09-09 at 11.21.59 AM_seq_0005.npz,10,160,160,16,16
train,normal,0,WhatsApp Video 2026-09-09 at 11.21.59 AM.mp4,6,preprocessed_clean\train_10fps_160x160\normal\WhatsApp Video 2026-09-09 at 11.21.59 AM_seq_0006.npz,10,160,160,16,16
train,normal,0,WhatsApp Video 2026-09-09 at 11.21.59 AM.mp4,7,preprocessed_clean\train_10fps_160x160\normal\WhatsApp Video 2026-09-09 at 11.21.59 AM_seq_0007.npz,10,160,160,16,16
train,normal,0,WhatsApp Video 2026-09-09 at 11.21.59 AM.mp4,8,preprocessed_clean\train_10fps_160x160\normal\WhatsApp Video 2026-09-09 at 11.21.59 AM_seq_0008.npz,10,160,160,16,16
train,normal,0,WhatsApp Video 2026-09-09 at 11.21.59 AM.mp4,9,preprocessed_clean\train_10fps_160x160\normal\WhatsApp Video 2026-09-09 at 11.21.59 AM_seq_0009.npz,10,160,160,16,16
train,normal,0,WhatsApp Video 2026-09-09 at 11.21.59 AM.mp4,10,preprocessed_clean\train_10fps_160x160\normal\WhatsApp Video 2026-09-09 at 11.21.59 AM_seq_0010.npz,10,160,160,16,16
train,normal,0,WhatsApp Video 2026-09-09 at 11.21.59 AM.mp4,11,preprocessed_clean\train_10fps_160x160\normal\WhatsApp Video 2026-09-09 at 11.21.59 AM_seq_0011.npz,10,160,160,16,16
train,normal,0,WhatsApp Video 2026-09-09 at 11.22.00 AM.mp4,0,preprocessed_clean\train_10fps_160x160\normal\WhatsApp Video 2026-09-09 at 11.22.00 AM_seq_0000.npz,10,160,160,16,16
train,normal,0,WhatsApp Video 2026-09-09 at 11.22.00 AM.mp4,1,preprocessed_clean\train_10fps_160x160\normal\WhatsApp Video 2026-09-09 at 11.22.00 AM_seq_0001.npz,10,160,160,16,16
train,normal,0,WhatsApp Video 2026-09-09 at 11.22.00 AM.mp4,2,preprocessed_clean\train_10fps_160x160\normal\WhatsApp Video 2026-09-09 at 11.22.00 AM_seq_0002.npz,10,160,160,16,16
train,normal,0,WhatsApp Video 2026-09-09 at 11.22.00 AM.mp4,3,preprocessed_clean\train_10fps_160x160\normal\WhatsApp Video 2026-09-09 at 11.22.00 AM_seq_0003.npz,10,160,160,16,16
train,normal,0,WhatsApp Video 2026-09-09 at 11.22.00 AM.mp4,4,preprocessed_clean\train_10fps_160x160\normal\WhatsApp Video 2026-09-09 at 11.22.00 AM_seq_0004.npz,10,160,160,16,16
train,normal,0,WhatsApp Video 2026-09-09 at 11.22.00 AM.mp4,5,preprocessed_clean\train_10fps_160x160\normal\WhatsApp Video 2026-09-09 at 11.22.00 AM_seq_0005.npz,10,160,160,16,16
train,normal,0,WhatsApp Video 2026-09-09 at 11.22.00 AM.mp4,6,preprocessed_clean\train_10fps_160x160\normal\WhatsApp Video 2026-09-09 at 11.22.00 AM_seq_0006.npz,10,160,160,16,16
train,normal,0,WhatsApp Video 2026-09-09 at 11.22.00 AM.mp4,7,preprocessed_clean\train_10fps_160x160\normal\WhatsApp Video 2026-09-09 at 11.22.00 AM_seq_0007.npz,10,160,160,16,16
train,normal,0,WhatsApp Video 2026-09-09 at 11.22.00 AM.mp4,8,preprocessed_clean\train_10fps_160x160\normal\WhatsApp Video 2026-09-09 at 11.22.00 AM_seq_0008.npz,10,160,160,16,16
train,normal,0,WhatsApp Video 2026-09-09 at 11.22.00 AM.mp4,9,preprocessed_clean\train_10fps_160x160\normal\WhatsApp Video 2026-09-09 at 11.22.00 AM_seq_0009.npz,10,160,160,16,16
train,normal,0,WhatsApp Video 2026-09-09 at 11.22.00 AM.mp4,10,preprocessed_clean\train_10fps_160x160\normal\WhatsApp Video 2026-09-09 at 11.22.00 AM_seq_0010.npz,10,160,160,16,16
train,normal,0,WhatsApp Video 2026-09-09 at 11.22.00 AM.mp4,11,preprocessed_clean\train_10fps_160x160\normal\WhatsApp Video 2026-09-09 at 11.22.00 AM_seq_0011.npz,10,160,160,16,16
train,normal,0,WhatsApp Video 2026-09-09 at 11.22.00 AM.mp4,12,preprocessed_clean\train_10fps_160x160\normal\WhatsApp Video 2026-09-09 at 11.22.00 AM_seq_0012.npz,10,160,160,16,16
train,normal,0,WhatsApp Video 2026-09-09 at 11.22.04 AM.mp4,0,preprocessed_clean\train_10fps_160x160\normal\WhatsApp Video 2026-09-09 at 11.22.04 AM_seq_0000.npz,10,160,160,16,16
train,normal,0,WhatsApp Video 2026-09-09 at 11.22.04 AM.mp4,1,preprocessed_clean\train_10fps_160x160\normal\WhatsApp Video 2026-09-09 at 11.22.04 AM_seq_0001.npz,10,160,160,16,16
train,normal,0,WhatsApp Video 2026-09-09 at 11.22.04 AM.mp4,2,preprocessed_clean\train_10fps_160x160\normal\WhatsApp Video 2026-09-09 at 11.22.04 AM_seq_0002.npz,10,160,160,16,16
train,normal,0,WhatsApp Video 2026-09-09 at 11.22.04 AM.mp4,3,preprocessed_clean\train_10fps_160x160\normal\WhatsApp Video 2026-09-09 at 11.22.04 AM_seq_0003.npz,10,160,160,16,16
train,normal,0,WhatsApp Video 2026-09-09 at 11.22.04 AM.mp4,4,preprocessed_clean\train_10fps_160x160\normal\WhatsApp Video 2026-09-09 at 11.22.04 AM_seq_0004.npz,10,160,160,16,16
train,normal,0,WhatsApp Video 2026-09-09 at 11.22.04 AM.mp4,5,preprocessed_clean\train_10fps_160x160\normal\WhatsApp Video 2026-09-09 at 11.22.04 AM_seq_0005.npz,10,160,160,16,16
train,normal,0,WhatsApp Video 2026-09-09 at 11.22.04 AM.mp4,6,preprocessed_clean\train_10fps_160x160\normal\WhatsApp Video 2026-09-09 at 11.22.04 AM_seq_0006.npz,10,160,160,16,16
train,normal,0,WhatsApp Video 2026-09-09 at 11.22.04 AM.mp4,7,preprocessed_clean\train_10fps_160x160\normal\WhatsApp Video 2026-09-09 at 11.22.04 AM_seq_0007.npz,10,160,160,16,16
train,normal,0,WhatsApp Video 2026-09-09 at 11.22.04 AM.mp4,8,preprocessed_clean\train_10fps_160x160\normal\WhatsApp Video 2026-09-09 at 11.22.04 AM_seq_0008.npz,10,160,160,16,16
train,normal,0,WhatsApp Video 2026-09-09 at 11.22.04 AM.mp4,9,preprocessed_clean\train_10fps_160x160\normal\WhatsApp Video 2026-09-09 at 11.22.04 AM_seq_0009.npz,10,160,160,16,16
train,normal,0,WhatsApp Video 2026-09-09 at 11.22.04 AM.mp4,10,preprocessed_clean\train_10fps_160x160\normal\WhatsApp Video 2026-09-09 at 11.22.04 AM_seq_0010.npz,10,160,160,16,16
train,normal,0,WhatsApp Video 2026-09-09 at 11.22.04 AM.mp4,11,preprocessed_clean\train_10fps_160x160\normal\WhatsApp Video 2026-09-09 at 11.22.04 AM_seq_0011.npz,10,160,160,16,16
train,normal,0,WhatsApp Video 2026-09-09 at 11.22.06 AM.mp4,0,preprocessed_clean\train_10fps_160x160\normal\WhatsApp Video 2026-09-09 at 11.22.06 AM_seq_0000.npz,10,160,160,16,16
train,normal,0,WhatsApp Video 2026-09-09 at 11.22.06 AM.mp4,1,preprocessed_clean\train_10fps_160x160\normal\WhatsApp Video 2026-09-09 at 11.22.06 AM_seq_0001.npz,10,160,160,16,16
train,normal,0,WhatsApp Video 2026-09-09 at 11.22.06 AM.mp4,2,preprocessed_clean\train_10fps_160x160\normal\WhatsApp Video 2026-09-09 at 11.22.06 AM_seq_0002.npz,10,160,160,16,16
train,normal,0,WhatsApp Video 2026-09-09 at 11.22.06 AM.mp4,3,preprocessed_clean\train_10fps_160x160\normal\WhatsApp Video 2026-09-09 at 11.22.06 AM_seq_0003.npz,10,160,160,16,16
train,normal,0,WhatsApp Video 2026-09-09 at 11.22.06 AM.mp4,4,preprocessed_clean\train_10fps_160x160\normal\WhatsApp Video 2026-09-09 at 11.22.06 AM_seq_0004.npz,10,160,160,16,16
train,normal,0,WhatsApp Video 2026-09-09 at 11.22.06 AM.mp4,5,preprocessed_clean\train_10fps_160x160\normal\WhatsApp Video 2026-09-09 at 11.22.06 AM_seq_0005.npz,10,160,160,16,16
train,normal,0,WhatsApp Video 2026-09-09 at 11.22.06 AM.mp4,6,preprocessed_clean\train_10fps_160x160\normal\WhatsApp Video 2026-09-09 at 11.22.06 AM_seq_0006.npz,10,160,160,16,16
train,normal,0,WhatsApp Video 2026-09-09 at 11.22.06 AM.mp4,7,preprocessed_clean\train_10fps_160x160\normal\WhatsApp Video 2026-09-09 at 11.22.06 AM_seq_0007.npz,10,160,160,16,16
train,normal,0,WhatsApp Video 2026-09-09 at 11.22.06 AM.mp4,8,preprocessed_clean\train_10fps_160x160\normal\WhatsApp Video 2026-09-09 at 11.22.06 AM_seq_0008.npz,10,160,160,16,16
train,normal,0,WhatsApp Video 2026-09-09 at 11.22.06 AM.mp4,9,preprocessed_clean\train_10fps_160x160\normal\WhatsApp Video 2026-09-09 at 11.22.06 AM_seq_0009.npz,10,160,160,16,16
train,normal,0,WhatsApp Video 2026-09-09 at 11.22.06 AM.mp4,10,preprocessed_clean\train_10fps_160x160\normal\WhatsApp Video 2026-09-09 at 11.22.06 AM_seq_0010.npz,10,160,160,16,16
train,normal,0,WhatsApp Video 2026-09-09 at 11.22.06 AM.mp4,11,preprocessed_clean\train_10fps_160x160\normal\WhatsApp Video 2026-09-09 at 11.22.06 AM_seq_0011.npz,10,160,160,16,16
train,normal,0,WhatsApp Video 2026-09-09 at 11.22.08 AM.mp4,0,preprocessed_clean\train_10fps_160x160\normal\WhatsApp Video 2026-09-09 at 11.22.08 AM_seq_0000.npz,10,160,160,16,16
train,normal,0,WhatsApp Video 2026-09-09 at 11.22.08 AM.mp4,1,preprocessed_clean\train_10fps_160x160\normal\WhatsApp Video 2026-09-09 at 11.22.08 AM_seq_0001.npz,10,160,160,16,16
train,normal,0,WhatsApp Video 2026-09-09 at 11.22.08 AM.mp4,2,preprocessed_clean\train_10fps_160x160\normal\WhatsApp Video 2026-09-09 at 11.22.08 AM_seq_0002.npz,10,160,160,16,16
train,normal,0,WhatsApp Video 2026-09-09 at 11.22.08 AM.mp4,3,preprocessed_clean\train_10fps_160x160\normal\WhatsApp Video 2026-09-09 at 11.22.08 AM_seq_0003.npz,10,160,160,16,16
train,normal,0,WhatsApp Video 2026-09-09 at 11.22.08 AM.mp4,4,preprocessed_clean\train_10fps_160x160\normal\WhatsApp Video 2026-09-09 at 11.22.08 AM_seq_0004.npz,10,160,160,16,16
train,normal,0,WhatsApp Video 2026-09-09 at 11.22.08 AM.mp4,5,preprocessed_clean\train_10fps_160x160\normal\WhatsApp Video 2026-09-09 at 11.22.08 AM_seq_0005.npz,10,160,160,16,16
train,normal,0,WhatsApp Video 2026-09-09 at 11.22.08 AM.mp4,6,preprocessed_clean\train_10fps_160x160\normal\WhatsApp Video 2026-09-09 at 11.22.08 AM_seq_0006.npz,10,160,160,16,16
train,normal,0,WhatsApp Video 2026-09-09 at 11.22.08 AM.mp4,7,preprocessed_clean\train_10fps_160x160\normal\WhatsApp Video 2026-09-09 at 11.22.08 AM_seq_0007.npz,10,160,160,16,16
train,normal,0,WhatsApp Video 2026-09-09 at 11.22.08 AM.mp4,8,preprocessed_clean\train_10fps_160x160\normal\WhatsApp Video 2026-09-09 at 11.22.08 AM_seq_0008.npz,10,160,160,16,16
train,normal,0,WhatsApp Video 2026-09-09 at 11.22.08 AM.mp4,9,preprocessed_clean\train_10fps_160x160\normal\WhatsApp Video 2026-09-09 at 11.22.08 AM_seq_0009.npz,10,160,160,16,16
train,normal,0,WhatsApp Video 2026-09-09 at 11.22.12 AM.mp4,0,preprocessed_clean\train_10fps_160x160\normal\WhatsApp Video 2026-09-09 at 11.22.12 AM_seq_0000.npz,10,160,160,16,16
train,normal,0,WhatsApp Video 2026-09-09 at 11.22.12 AM.mp4,1,preprocessed_clean\train_10fps_160x160\normal\WhatsApp Video 2026-09-09 at 11.22.12 AM_seq_0001.npz,10,160,160,16,16
train,normal,0,WhatsApp Video 2026-09-09 at 11.22.12 AM.mp4,2,preprocessed_clean\train_10fps_160x160\normal\WhatsApp Video 2026-09-09 at 11.22.12 AM_seq_0002.npz,10,160,160,16,16
train,normal,0,WhatsApp Video 2026-09-09 at 11.22.12 AM.mp4,3,preprocessed_clean\train_10fps_160x160\normal\WhatsApp Video 2026-09-09 at 11.22.12 AM_seq_0003.npz,10,160,160,16,16
train,normal,0,WhatsApp Video 2026-09-09 at 11.22.12 AM.mp4,4,preprocessed_clean\train_10fps_160x160\normal\WhatsApp Video 2026-09-09 at 11.22.12 AM_seq_0004.npz,10,160,160,16,16
train,normal,0,WhatsApp Video 2026-09-09 at 11.22.12 AM.mp4,5,preprocessed_clean\train_10fps_160x160\normal\WhatsApp Video 2026-09-09 at 11.22.12 AM_seq_0005.npz,10,160,160,16,16
train,normal,0,WhatsApp Video 2026-09-09 at 11.22.12 AM.mp4,6,preprocessed_clean\train_10fps_160x160\normal\WhatsApp Video 2026-09-09 at 11.22.12 AM_seq_0006.npz,10,160,160,16,16
train,normal,0,WhatsApp Video 2026-09-09 at 11.22.12 AM.mp4,7,preprocessed_clean\train_10fps_160x160\normal\WhatsApp Video 2026-09-09 at 11.22.12 AM_seq_0007.npz,10,160,160,16,16
train,normal,0,WhatsApp Video 2026-09-09 at 11.22.12 AM.mp4,8,preprocessed_clean\train_10fps_160x160\normal\WhatsApp Video 2026-09-09 at 11.22.12 AM_seq_0008.npz,10,160,160,16,16
train,normal,0,WhatsApp Video 2026-09-09 at 11.22.12 AM.mp4,9,preprocessed_clean\train_10fps_160x160\normal\WhatsApp Video 2026-09-09 at 11.22.12 AM_seq_0009.npz,10,160,160,16,16
train,normal,0,WhatsApp Video 2026-09-09 at 11.22.12 AM.mp4,10,preprocessed_clean\train_10fps_160x160\normal\WhatsApp Video 2026-09-09 at 11.22.12 AM_seq_0010.npz,10,160,160,16,16
train,normal,0,WhatsApp Video 2026-09-09 at 11.22.28 AM.mp4,0,preprocessed_clean\train_10fps_160x160\normal\WhatsApp Video 2026-09-09 at 11.22.28 AM_seq_0000.npz,10,160,160,16,16
train,normal,0,WhatsApp Video 2026-09-09 at 11.22.28 AM.mp4,1,preprocessed_clean\train_10fps_160x160\normal\WhatsApp Video 2026-09-09 at 11.22.28 AM_seq_0001.npz,10,160,160,16,16
train,normal,0,WhatsApp Video 2026-09-09 at 11.22.28 AM.mp4,2,preprocessed_clean\train_10fps_160x160\normal\WhatsApp Video 2026-09-09 at 11.22.28 AM_seq_0002.npz,10,160,160,16,16
train,normal,0,WhatsApp Video 2026-09-09 at 11.22.28 AM.mp4,3,preprocessed_clean\train_10fps_160x160\normal\WhatsApp Video 2026-09-09 at 11.22.28 AM_seq_0003.npz,10,160,160,16,16
train,normal,0,WhatsApp Video 2026-09-09 at 11.22.28 AM.mp4,4,preprocessed_clean\train_10fps_160x160\normal\WhatsApp Video 2026-09-09 at 11.22.28 AM_seq_0004.npz,10,160,160,16,16
train,normal,0,WhatsApp Video 2026-09-09 at 11.22.28 AM.mp4,5,preprocessed_clean\train_10fps_160x160\normal\WhatsApp Video 2026-09-09 at 11.22.28 AM_seq_0005.npz,10,160,160,16,16
train,normal,0,WhatsApp Video 2026-09-09 at 11.22.28 AM.mp4,6,preprocessed_clean\train_10fps_160x160\normal\WhatsApp Video 2026-09-09 at 11.22.28 AM_seq_0006.npz,10,160,160,16,16
train,normal,0,WhatsApp Video 2026-09-09 at 11.22.28 AM.mp4,7,preprocessed_clean\train_10fps_160x160\normal\WhatsApp Video 2026-09-09 at 11.22.28 AM_seq_0007.npz,10,160,160,16,16
train,normal,0,WhatsApp Video 2026-09-09 at 11.22.28 AM.mp4,8,preprocessed_clean\train_10fps_160x160\normal\WhatsApp Video 2026-09-09 at 11.22.28 AM_seq_0008.npz,10,160,160,16,16
train,normal,0,WhatsApp Video 2026-09-09 at 11.22.28 AM.mp4,9,preprocessed_clean\train_10fps_160x160\normal\WhatsApp Video 2026-09-09 at 11.22.28 AM_seq_0009.npz,10,160,160,16,16
train,normal,0,WhatsApp Video 2026-09-09 at 11.22.28 AM.mp4,10,preprocessed_clean\train_10fps_160x160\normal\WhatsApp Video 2026-09-09 at 11.22.28 AM_seq_0010.npz,10,160,160,16,16
train,normal,0,WhatsApp Video 2026-09-09 at 11.22.44 AM.mp4,0,preprocessed_clean\train_10fps_160x160\normal\WhatsApp Video 2026-09-09 at 11.22.44 AM_seq_0000.npz,10,160,160,16,16
train,normal,0,WhatsApp Video 2026-09-09 at 11.22.44 AM.mp4,1,preprocessed_clean\train_10fps_160x160\normal\WhatsApp Video 2026-09-09 at 11.22.44 AM_seq_0001.npz,10,160,160,16,16
train,normal,0,WhatsApp Video 2026-09-09 at 11.22.44 AM.mp4,2,preprocessed_clean\train_10fps_160x160\normal\WhatsApp Video 2026-09-09 at 11.22.44 AM_seq_0002.npz,10,160,160,16,16
train,normal,0,WhatsApp Video 2026-09-09 at 11.22.44 AM.mp4,3,preprocessed_clean\train_10fps_160x160\normal\WhatsApp Video 2026-09-09 at 11.22.44 AM_seq_0003.npz,10,160,160,16,16
train,normal,0,WhatsApp Video 2026-09-09 at 11.22.44 AM.mp4,4,preprocessed_clean\train_10fps_160x160\normal\WhatsApp Video 2026-09-09 at 11.22.44 AM_seq_0004.npz,10,160,160,16,16
train,normal,0,WhatsApp Video 2026-09-09 at 11.22.44 AM.mp4,5,preprocessed_clean\train_10fps_160x160\normal\WhatsApp Video 2026-09-09 at 11.22.44 AM_seq_0005.npz,10,160,160,16,16
train,normal,0,WhatsApp Video 2026-09-09 at 11.22.44 AM.mp4,6,preprocessed_clean\train_10fps_160x160\normal\WhatsApp Video 2026-09-09 at 11.22.44 AM_seq_0006.npz,10,160,160,16,16
train,normal,0,WhatsApp Video 2026-09-09 at 11.22.44 AM.mp4,7,preprocessed_clean\train_10fps_160x160\normal\WhatsApp Video 2026-09-09 at 11.22.44 AM_seq_0007.npz,10,160,160,16,16
train,normal,0,WhatsApp Video 2026-09-09 at 11.22.44 AM.mp4,8,preprocessed_clean\train_10fps_160x160\normal\WhatsApp Video 2026-09-09 at 11.22.44 AM_seq_0008.npz,10,160,160,16,16
train,normal,0,WhatsApp Video 2026-09-09 at 11.22.48 AM.mp4,0,preprocessed_clean\train_10fps_160x160\normal\WhatsApp Video 2026-09-09 at 11.22.48 AM_seq_0000.npz,10,160,160,16,16
train,normal,0,WhatsApp Video 2026-09-09 at 11.22.48 AM.mp4,1,preprocessed_clean\train_10fps_160x160\normal\WhatsApp Video 2026-09-09 at 11.22.48 AM_seq_0001.npz,10,160,160,16,16
train,normal,0,WhatsApp Video 2026-09-09 at 11.22.48 AM.mp4,2,preprocessed_clean\train_10fps_160x160\normal\WhatsApp Video 2026-09-09 at 11.22.48 AM_seq_0002.npz,10,160,160,16,16
train,normal,0,WhatsApp Video 2026-09-09 at 11.22.48 AM.mp4,3,preprocessed_clean\train_10fps_160x160\normal\WhatsApp Video 2026-09-09 at 11.22.48 AM_seq_0003.npz,10,160,160,16,16
train,normal,0,WhatsApp Video 2026-09-09 at 11.22.48 AM.mp4,4,preprocessed_clean\train_10fps_160x160\normal\WhatsApp Video 2026-09-09 at 11.22.48 AM_seq_0004.npz,10,160,160,16,16
train,normal,0,WhatsApp Video 2026-09-09 at 11.22.48 AM.mp4,5,preprocessed_clean\train_10fps_160x160\normal\WhatsApp Video 2026-09-09 at 11.22.48 AM_seq_0005.npz,10,160,160,16,16
train,normal,0,WhatsApp Video 2026-09-09 at 11.22.48 AM.mp4,6,preprocessed_clean\train_10fps_160x160\normal\WhatsApp Video 2026-09-09 at 11.22.48 AM_seq_0006.npz,10,160,160,16,16
train,normal,0,WhatsApp Video 2026-09-09 at 11.22.48 AM.mp4,7,preprocessed_clean\train_10fps_160x160\normal\WhatsApp Video 2026-09-09 at 11.22.48 AM_seq_0007.npz,10,160,160,16,16
train,normal,0,WhatsApp Video 2026-09-09 at 11.22.48 AM.mp4,8,preprocessed_clean\train_10fps_160x160\normal\WhatsApp Video 2026-09-09 at 11.22.48 AM_seq_0008.npz,10,160,160,16,16
train,normal,0,WhatsApp Video 2026-09-09 at 11.22.48 AM.mp4,9,preprocessed_clean\train_10fps_160x160\normal\WhatsApp Video 2026-09-09 at 11.22.48 AM_seq_0009.npz,10,160,160,16,16
train,normal,0,WhatsApp Video 2026-09-09 at 11.22.48 AM.mp4,10,preprocessed_clean\train_10fps_160x160\normal\WhatsApp Video 2026-09-09 at 11.22.48 AM_seq_0010.npz,10,160,160,16,16
train,normal,0,WhatsApp Video 2026-09-09 at 11.22.48 AM.mp4,11,preprocessed_clean\train_10fps_160x160\normal\WhatsApp Video 2026-09-09 at 11.22.48 AM_seq_0011.npz,10,160,160,16,16
train,normal,0,WhatsApp Video 2026-09-09 at 11.22.48 AM.mp4,12,preprocessed_clean\train_10fps_160x160\normal\WhatsApp Video 2026-09-09 at 11.22.48 AM_seq_0012.npz,10,160,160,16,16
train,normal,0,WhatsApp Video 2026-09-09 at 11.22.48 AM.mp4,13,preprocessed_clean\train_10fps_160x160\normal\WhatsApp Video 2026-09-09 at 11.22.48 AM_seq_0013.npz,10,160,160,16,16
train,normal,0,WhatsApp Video 2026-09-09 at 11.22.48 AM.mp4,14,preprocessed_clean\train_10fps_160x160\normal\WhatsApp Video 2026-09-09 at 11.22.48 AM_seq_0014.npz,10,160,160,16,16
train,normal,0,WhatsApp Video 2026-09-09 at 11.23.00 AM.mp4,0,preprocessed_clean\train_10fps_160x160\normal\WhatsApp Video 2026-09-09 at 11.23.00 AM_seq_0000.npz,10,160,160,16,16
train,normal,0,WhatsApp Video 2026-09-09 at 11.23.00 AM.mp4,1,preprocessed_clean\train_10fps_160x160\normal\WhatsApp Video 2026-09-09 at 11.23.00 AM_seq_0001.npz,10,160,160,16,16
train,normal,0,WhatsApp Video 2026-09-09 at 11.23.00 AM.mp4,2,preprocessed_clean\train_10fps_160x160\normal\WhatsApp Video 2026-09-09 at 11.23.00 AM_seq_0002.npz,10,160,160,16,16
train,normal,0,WhatsApp Video 2026-09-09 at 11.23.00 AM.mp4,3,preprocessed_clean\train_10fps_160x160\normal\WhatsApp Video 2026-09-09 at 11.23.00 AM_seq_0003.npz,10,160,160,16,16
train,normal,0,WhatsApp Video 2026-09-09 at 11.23.00 AM.mp4,4,preprocessed_clean\train_10fps_160x160\normal\WhatsApp Video 2026-09-09 at 11.23.00 AM_seq_0004.npz,10,160,160,16,16
train,normal,0,WhatsApp Video 2026-09-09 at 11.23.00 AM.mp4,5,preprocessed_clean\train_10fps_160x160\normal\WhatsApp Video 2026-09-09 at 11.23.00 AM_seq_0005.npz,10,160,160,16,16
train,normal,0,WhatsApp Video 2026-09-09 at 11.23.00 AM.mp4,6,preprocessed_clean\train_10fps_160x160\normal\WhatsApp Video 2026-09-09 at 11.23.00 AM_seq_0006.npz,10,160,160,16,16
train,normal,0,WhatsApp Video 2026-09-09 at 11.23.00 AM.mp4,7,preprocessed_clean\train_10fps_160x160\normal\WhatsApp Video 2026-09-09 at 11.23.00 AM_seq_0007.npz,10,160,160,16,16
train,normal,0,WhatsApp Video 2026-09-09 at 11.23.00 AM.mp4,8,preprocessed_clean\train_10fps_160x160\normal\WhatsApp Video 2026-09-09 at 11.23.00 AM_seq_0008.npz,10,160,160,16,16
train,normal,0,WhatsApp Video 2026-09-09 at 11.23.00 AM.mp4,9,preprocessed_clean\train_10fps_160x160\normal\WhatsApp Video 2026-09-09 at 11.23.00 AM_seq_0009.npz,10,160,160,16,16
train,normal,0,WhatsApp Video 2026-09-09 at 11.23.00 AM.mp4,10,preprocessed_clean\train_10fps_160x160\normal\WhatsApp Video 2026-09-09 at 11.23.00 AM_seq_0010.npz,10,160,160,16,16
train,normal,0,WhatsApp Video 2026-09-09 at 11.23.00 AM.mp4,11,preprocessed_clean\train_10fps_160x160\normal\WhatsApp Video 2026-09-09 at 11.23.00 AM_seq_0011.npz,10,160,160,16,16
train,normal,0,WhatsApp Video 2026-09-09 at 11.23.03 AM.mp4,0,preprocessed_clean\train_10fps_160x160\normal\WhatsApp Video 2026-09-09 at 11.23.03 AM_seq_0000.npz,10,160,160,16,16
train,normal,0,WhatsApp Video 2026-09-09 at 11.23.03 AM.mp4,1,preprocessed_clean\train_10fps_160x160\normal\WhatsApp Video 2026-09-09 at 11.23.03 AM_seq_0001.npz,10,160,160,16,16
train,normal,0,WhatsApp Video 2026-09-09 at 11.23.03 AM.mp4,2,preprocessed_clean\train_10fps_160x160\normal\WhatsApp Video 2026-09-09 at 11.23.03 AM_seq_0002.npz,10,160,160,16,16
train,normal,0,WhatsApp Video 2026-09-09 at 11.23.03 AM.mp4,3,preprocessed_clean\train_10fps_160x160\normal\WhatsApp Video 2026-09-09 at 11.23.03 AM_seq_0003.npz,10,160,160,16,16
train,normal,0,WhatsApp Video 2026-09-09 at 11.23.03 AM.mp4,4,preprocessed_clean\train_10fps_160x160\normal\WhatsApp Video 2026-09-09 at 11.23.03 AM_seq_0004.npz,10,160,160,16,16
train,normal,0,WhatsApp Video 2026-09-09 at 11.23.03 AM.mp4,5,preprocessed_clean\train_10fps_160x160\normal\WhatsApp Video 2026-09-09 at 11.23.03 AM_seq_0005.npz,10,160,160,16,16
train,normal,0,WhatsApp Video 2026-09-09 at 11.23.03 AM.mp4,6,preprocessed_clean\train_10fps_160x160\normal\WhatsApp Video 2026-09-09 at 11.23.03 AM_seq_0006.npz,10,160,160,16,16
train,normal,0,WhatsApp Video 2026-09-09 at 11.23.03 AM.mp4,7,preprocessed_clean\train_10fps_160x160\normal\WhatsApp Video 2026-09-09 at 11.23.03 AM_seq_0007.npz,10,160,160,16,16
train,normal,0,WhatsApp Video 2026-09-09 at 11.23.03 AM.mp4,8,preprocessed_clean\train_10fps_160x160\normal\WhatsApp Video 2026-09-09 at 11.23.03 AM_seq_0008.npz,10,160,160,16,16
train,normal,0,WhatsApp Video 2026-09-09 at 11.23.03 AM.mp4,9,preprocessed_clean\train_10fps_160x160\normal\WhatsApp Video 2026-09-09 at 11.23.03 AM_seq_0009.npz,10,160,160,16,16
train,normal,0,WhatsApp Video 2026-09-09 at 11.23.03 AM.mp4,10,preprocessed_clean\train_10fps_160x160\normal\WhatsApp Video 2026-09-09 at 11.23.03 AM_seq_0010.npz,10,160,160,16,16
train,normal,0,WhatsApp Video 2026-09-09 at 11.23.03 AM.mp4,11,preprocessed_clean\train_10fps_160x160\normal\WhatsApp Video 2026-09-09 at 11.23.03 AM_seq_0011.npz,10,160,160,16,16
train,normal,0,WhatsApp Video 2026-09-09 at 11.23.17 AM.mp4,0,preprocessed_clean\train_10fps_160x160\normal\WhatsApp Video 2026-09-09 at 11.23.17 AM_seq_0000.npz,10,160,160,16,16
train,normal,0,WhatsApp Video 2026-09-09 at 11.23.17 AM.mp4,1,preprocessed_clean\train_10fps_160x160\normal\WhatsApp Video 2026-09-09 at 11.23.17 AM_seq_0001.npz,10,160,160,16,16
train,normal,0,WhatsApp Video 2026-09-09 at 11.23.17 AM.mp4,2,preprocessed_clean\train_10fps_160x160\normal\WhatsApp Video 2026-09-09 at 11.23.17 AM_seq_0002.npz,10,160,160,16,16
train,normal,0,WhatsApp Video 2026-09-09 at 11.23.17 AM.mp4,3,preprocessed_clean\train_10fps_160x160\normal\WhatsApp Video 2026-09-09 at 11.23.17 AM_seq_0003.npz,10,160,160,16,16
train,normal,0,WhatsApp Video 2026-09-09 at 11.23.17 AM.mp4,4,preprocessed_clean\train_10fps_160x160\normal\WhatsApp Video 2026-09-09 at 11.23.17 AM_seq_0004.npz,10,160,160,16,16
train,normal,0,WhatsApp Video 2026-09-09 at 11.23.17 AM.mp4,5,preprocessed_clean\train_10fps_160x160\normal\WhatsApp Video 2026-09-09 at 11.23.17 AM_seq_0005.npz,10,160,160,16,16
train,normal,0,WhatsApp Video 2026-09-09 at 11.23.17 AM.mp4,6,preprocessed_clean\train_10fps_160x160\normal\WhatsApp Video 2026-09-09 at 11.23.17 AM_seq_0006.npz,10,160,160,16,16
train,normal,0,WhatsApp Video 2026-09-09 at 11.23.17 AM.mp4,7,preprocessed_clean\train_10fps_160x160\normal\WhatsApp Video 2026-09-09 at 11.23.17 AM_seq_0007.npz,10,160,160,16,16
train,normal,0,WhatsApp Video 2026-09-09 at 11.23.22 AM.mp4,0,preprocessed_clean\train_10fps_160x160\normal\WhatsApp Video 2026-09-09 at 11.23.22 AM_seq_0000.npz,10,160,160,16,16
train,normal,0,WhatsApp Video 2026-09-09 at 11.23.22 AM.mp4,1,preprocessed_clean\train_10fps_160x160\normal\WhatsApp Video 2026-09-09 at 11.23.22 AM_seq_0001.npz,10,160,160,16,16
train,normal,0,WhatsApp Video 2026-09-09 at 11.23.22 AM.mp4,2,preprocessed_clean\train_10fps_160x160\normal\WhatsApp Video 2026-09-09 at 11.23.22 AM_seq_0002.npz,10,160,160,16,16
train,normal,0,WhatsApp Video 2026-09-09 at 11.23.22 AM.mp4,3,preprocessed_clean\train_10fps_160x160\normal\WhatsApp Video 2026-09-09 at 11.23.22 AM_seq_0003.npz,10,160,160,16,16
train,normal,0,WhatsApp Video 2026-09-09 at 11.23.22 AM.mp4,4,preprocessed_clean\train_10fps_160x160\normal\WhatsApp Video 2026-09-09 at 11.23.22 AM_seq_0004.npz,10,160,160,16,16
train,normal,0,WhatsApp Video 2026-09-09 at 11.23.22 AM.mp4,5,preprocessed_clean\train_10fps_160x160\normal\WhatsApp Video 2026-09-09 at 11.23.22 AM_seq_0005.npz,10,160,160,16,16
train,normal,0,WhatsApp Video 2026-09-09 at 11.23.22 AM.mp4,6,preprocessed_clean\train_10fps_160x160\normal\WhatsApp Video 2026-09-09 at 11.23.22 AM_seq_0006.npz,10,160,160,16,16
train,normal,0,WhatsApp Video 2026-09-09 at 11.23.22 AM.mp4,7,preprocessed_clean\train_10fps_160x160\normal\WhatsApp Video 2026-09-09 at 11.23.22 AM_seq_0007.npz,10,160,160,16,16
train,normal,0,WhatsApp Video 2026-09-09 at 11.23.22 AM.mp4,8,preprocessed_clean\train_10fps_160x160\normal\WhatsApp Video 2026-09-09 at 11.23.22 AM_seq_0008.npz,10,160,160,16,16
train,normal,0,WhatsApp Video 2026-09-09 at 11.23.22 AM.mp4,9,preprocessed_clean\train_10fps_160x160\normal\WhatsApp Video 2026-09-09 at 11.23.22 AM_seq_0009.npz,10,160,160,16,16
train,normal,0,WhatsApp Video 2026-09-09 at 11.23.22 AM.mp4,10,preprocessed_clean\train_10fps_160x160\normal\WhatsApp Video 2026-09-09 at 11.23.22 AM_seq_0010.npz,10,160,160,16,16
train,normal,0,WhatsApp Video 2026-09-09 at 11.23.22 AM.mp4,11,preprocessed_clean\train_10fps_160x160\normal\WhatsApp Video 2026-09-09 at 11.23.22 AM_seq_0011.npz,10,160,160,16,16
train,normal,0,WhatsApp Video 2026-09-09 at 11.23.22 AM.mp4,12,preprocessed_clean\train_10fps_160x160\normal\WhatsApp Video 2026-09-09 at 11.23.22 AM_seq_0012.npz,10,160,160,16,16
train,normal,0,WhatsApp Video 2026-09-09 at 11.23.22 AM.mp4,13,preprocessed_clean\train_10fps_160x160\normal\WhatsApp Video 2026-09-09 at 11.23.22 AM_seq_0013.npz,10,160,160,16,16
train,normal,0,WhatsApp Video 2026-09-09 at 11.23.30 AM (1).mp4,0,preprocessed_clean\train_10fps_160x160\normal\WhatsApp Video 2026-09-09 at 11.23.30 AM (1)_seq_0000.npz,10,160,160,16,16
train,normal,0,WhatsApp Video 2026-09-09 at 11.23.30 AM (1).mp4,1,preprocessed_clean\train_10fps_160x160\normal\WhatsApp Video 2026-09-09 at 11.23.30 AM (1)_seq_0001.npz,10,160,160,16,16
train,normal,0,WhatsApp Video 2026-09-09 at 11.23.30 AM (1).mp4,2,preprocessed_clean\train_10fps_160x160\normal\WhatsApp Video 2026-09-09 at 11.23.30 AM (1)_seq_0002.npz,10,160,160,16,16
train,normal,0,WhatsApp Video 2026-09-09 at 11.23.30 AM (1).mp4,3,preprocessed_clean\train_10fps_160x160\normal\WhatsApp Video 2026-09-09 at 11.23.30 AM (1)_seq_0003.npz,10,160,160,16,16
train,normal,0,WhatsApp Video 2026-09-09 at 11.23.30 AM (1).mp4,4,preprocessed_clean\train_10fps_160x160\normal\WhatsApp Video 2026-09-09 at 11.23.30 AM (1)_seq_0004.npz,10,160,160,16,16
train,normal,0,WhatsApp Video 2026-09-09 at 11.23.30 AM (1).mp4,5,preprocessed_clean\train_10fps_160x160\normal\WhatsApp Video 2026-09-09 at 11.23.30 AM (1)_seq_0005.npz,10,160,160,16,16
train,normal,0,WhatsApp Video 2026-09-09 at 11.23.30 AM (1).mp4,6,preprocessed_clean\train_10fps_160x160\normal\WhatsApp Video 2026-09-09 at 11.23.30 AM (1)_seq_0006.npz,10,160,160,16,16
train,normal,0,WhatsApp Video 2026-09-09 at 11.23.30 AM (1).mp4,7,preprocessed_clean\train_10fps_160x160\normal\WhatsApp Video 2026-09-09 at 11.23.30 AM (1)_seq_0007.npz,10,160,160,16,16
train,normal,0,WhatsApp Video 2026-09-09 at 11.23.30 AM (1).mp4,8,preprocessed_clean\train_10fps_160x160\normal\WhatsApp Video 2026-09-09 at 11.23.30 AM (1)_seq_0008.npz,10,160,160,16,16
train,normal,0,WhatsApp Video 2026-09-09 at 11.23.30 AM (1).mp4,9,preprocessed_clean\train_10fps_160x160\normal\WhatsApp Video 2026-09-09 at 11.23.30 AM (1)_seq_0009.npz,10,160,160,16,16
train,normal,0,WhatsApp Video 2026-09-09 at 11.23.30 AM (1).mp4,10,preprocessed_clean\train_10fps_160x160\normal\WhatsApp Video 2026-09-09 at 11.23.30 AM (1)_seq_0010.npz,10,160,160,16,16
train,normal,0,WhatsApp Video 2026-09-09 at 11.23.30 AM (1).mp4,11,preprocessed_clean\train_10fps_160x160\normal\WhatsApp Video 2026-09-09 at 11.23.30 AM (1)_seq_0011.npz,10,160,160,16,16
train,normal,0,WhatsApp Video 2026-09-09 at 11.23.30 AM (1).mp4,12,preprocessed_clean\train_10fps_160x160\normal\WhatsApp Video 2026-09-09 at 11.23.30 AM (1)_seq_0012.npz,10,160,160,16,16
train,normal,0,WhatsApp Video 2026-09-09 at 11.23.30 AM (1).mp4,13,preprocessed_clean\train_10fps_160x160\normal\WhatsApp Video 2026-09-09 at 11.23.30 AM (1)_seq_0013.npz,10,160,160,16,16
train,normal,0,WhatsApp Video 2026-09-09 at 11.23.30 AM.mp4,0,preprocessed_clean\train_10fps_160x160\normal\WhatsApp Video 2026-09-09 at 11.23.30 AM_seq_0000.npz,10,160,160,16,16
train,normal,0,WhatsApp Video 2026-09-09 at 11.23.30 AM.mp4,1,preprocessed_clean\train_10fps_160x160\normal\WhatsApp Video 2026-09-09 at 11.23.30 AM_seq_0001.npz,10,160,160,16,16
train,normal,0,WhatsApp Video 2026-09-09 at 11.23.30 AM.mp4,2,preprocessed_clean\train_10fps_160x160\normal\WhatsApp Video 2026-09-09 at 11.23.30 AM_seq_0002.npz,10,160,160,16,16
train,normal,0,WhatsApp Video 2026-09-09 at 11.23.30 AM.mp4,3,preprocessed_clean\train_10fps_160x160\normal\WhatsApp Video 2026-09-09 at 11.23.30 AM_seq_0003.npz,10,160,160,16,16
train,normal,0,WhatsApp Video 2026-09-09 at 11.23.30 AM.mp4,4,preprocessed_clean\train_10fps_160x160\normal\WhatsApp Video 2026-09-09 at 11.23.30 AM_seq_0004.npz,10,160,160,16,16
train,normal,0,WhatsApp Video 2026-09-09 at 11.23.30 AM.mp4,5,preprocessed_clean\train_10fps_160x160\normal\WhatsApp Video 2026-09-09 at 11.23.30 AM_seq_0005.npz,10,160,160,16,16
train,normal,0,WhatsApp Video 2026-09-09 at 11.23.30 AM.mp4,6,preprocessed_clean\train_10fps_160x160\normal\WhatsApp Video 2026-09-09 at 11.23.30 AM_seq_0006.npz,10,160,160,16,16
train,normal,0,WhatsApp Video 2026-09-09 at 11.23.30 AM.mp4,7,preprocessed_clean\train_10fps_160x160\normal\WhatsApp Video 2026-09-09 at 11.23.30 AM_seq_0007.npz,10,160,160,16,16
train,normal,0,WhatsApp Video 2026-09-09 at 11.23.30 AM.mp4,8,preprocessed_clean\train_10fps_160x160\normal\WhatsApp Video 2026-09-09 at 11.23.30 AM_seq_0008.npz,10,160,160,16,16
train,normal,0,WhatsApp Video 2026-09-09 at 11.23.30 AM.mp4,9,preprocessed_clean\train_10fps_160x160\normal\WhatsApp Video 2026-09-09 at 11.23.30 AM_seq_0009.npz,10,160,160,16,16
train,normal,0,WhatsApp Video 2026-09-09 at 11.23.31 AM.mp4,0,preprocessed_clean\train_10fps_160x160\normal\WhatsApp Video 2026-09-09 at 11.23.31 AM_seq_0000.npz,10,160,160,16,16
train,normal,0,WhatsApp Video 2026-09-09 at 11.23.31 AM.mp4,1,preprocessed_clean\train_10fps_160x160\normal\WhatsApp Video 2026-09-09 at 11.23.31 AM_seq_0001.npz,10,160,160,16,16
train,normal,0,WhatsApp Video 2026-09-09 at 11.23.31 AM.mp4,2,preprocessed_clean\train_10fps_160x160\normal\WhatsApp Video 2026-09-09 at 11.23.31 AM_seq_0002.npz,10,160,160,16,16
train,normal,0,WhatsApp Video 2026-09-09 at 11.23.31 AM.mp4,3,preprocessed_clean\train_10fps_160x160\normal\WhatsApp Video 2026-09-09 at 11.23.31 AM_seq_0003.npz,10,160,160,16,16
train,normal,0,WhatsApp Video 2026-09-09 at 11.23.31 AM.mp4,4,preprocessed_clean\train_10fps_160x160\normal\WhatsApp Video 2026-09-09 at 11.23.31 AM_seq_0004.npz,10,160,160,16,16
train,normal,0,WhatsApp Video 2026-09-09 at 11.23.31 AM.mp4,5,preprocessed_clean\train_10fps_160x160\normal\WhatsApp Video 2026-09-09 at 11.23.31 AM_seq_0005.npz,10,160,160,16,16
train,normal,0,WhatsApp Video 2026-09-09 at 11.23.31 AM.mp4,6,preprocessed_clean\train_10fps_160x160\normal\WhatsApp Video 2026-09-09 at 11.23.31 AM_seq_0006.npz,10,160,160,16,16
train,normal,0,WhatsApp Video 2026-09-09 at 11.23.31 AM.mp4,7,preprocessed_clean\train_10fps_160x160\normal\WhatsApp Video 2026-09-09 at 11.23.31 AM_seq_0007.npz,10,160,160,16,16
train,normal,0,WhatsApp Video 2026-09-09 at 11.23.31 AM.mp4,8,preprocessed_clean\train_10fps_160x160\normal\WhatsApp Video 2026-09-09 at 11.23.31 AM_seq_0008.npz,10,160,160,16,16
train,normal,0,WhatsApp Video 2026-09-09 at 11.23.31 AM.mp4,9,preprocessed_clean\train_10fps_160x160\normal\WhatsApp Video 2026-09-09 at 11.23.31 AM_seq_0009.npz,10,160,160,16,16
train,normal,0,WhatsApp Video 2026-09-09 at 11.23.31 AM.mp4,10,preprocessed_clean\train_10fps_160x160\normal\WhatsApp Video 2026-09-09 at 11.23.31 AM_seq_0010.npz,10,160,160,16,16
train,normal,0,WhatsApp Video 2026-09-09 at 11.23.31 AM.mp4,11,preprocessed_clean\train_10fps_160x160\normal\WhatsApp Video 2026-09-09 at 11.23.31 AM_seq_0011.npz,10,160,160,16,16
validation,accident,1,WhatsApp Video 2026-09-08 at 3.22.37 PM.mp4,0,preprocessed_clean\validation_10fps_160x160\accident\WhatsApp Video 2026-09-08 at 3.22.37 PM_seq_0000.npz,10,160,160,16,16
validation,accident,1,WhatsApp Video 2026-09-08 at 3.22.37 PM.mp4,1,preprocessed_clean\validation_10fps_160x160\accident\WhatsApp Video 2026-09-08 at 3.22.37 PM_seq_0001.npz,10,160,160,16,16
validation,accident,1,WhatsApp Video 2026-09-08 at 3.22.37 PM.mp4,2,preprocessed_clean\validation_10fps_160x160\accident\WhatsApp Video 2026-09-08 at 3.22.37 PM_seq_0002.npz,10,160,160,16,16
validation,accident,1,WhatsApp Video 2026-09-08 at 3.22.37 PM.mp4,3,preprocessed_clean\validation_10fps_160x160\accident\WhatsApp Video 2026-09-08 at 3.22.37 PM_seq_0003.npz,10,160,160,16,16
validation,accident,1,WhatsApp Video 2026-09-08 at 3.22.37 PM.mp4,4,preprocessed_clean\validation_10fps_160x160\accident\WhatsApp Video 2026-09-08 at 3.22.37 PM_seq_0004.npz,10,160,160,16,16
validation,accident,1,WhatsApp Video 2026-09-08 at 3.22.38 PM (1).mp4,0,preprocessed_clean\validation_10fps_160x160\accident\WhatsApp Video 2026-09-08 at 3.22.38 PM (1)_seq_0000.npz,10,160,160,16,16
validation,accident,1,WhatsApp Video 2026-09-08 at 3.22.38 PM (1).mp4,1,preprocessed_clean\validation_10fps_160x160\accident\WhatsApp Video 2026-09-08 at 3.22.38 PM (1)_seq_0001.npz,10,160,160,16,16
validation,accident,1,WhatsApp Video 2026-09-08 at 3.22.38 PM (1).mp4,2,preprocessed_clean\validation_10fps_160x160\accident\WhatsApp Video 2026-09-08 at 3.22.38 PM (1)_seq_0002.npz,10,160,160,16,16
validation,accident,1,WhatsApp Video 2026-09-08 at 3.22.38 PM (1).mp4,3,preprocessed_clean\validation_10fps_160x160\accident\WhatsApp Video 2026-09-08 at 3.22.38 PM (1)_seq_0003.npz,10,160,160,16,16
validation,accident,1,WhatsApp Video 2026-09-08 at 3.22.38 PM (2).mp4,0,preprocessed_clean\validation_10fps_160x160\accident\WhatsApp Video 2026-09-08 at 3.22.38 PM (2)_seq_0000.npz,10,160,160,16,16
validation,accident,1,WhatsApp Video 2026-09-08 at 3.22.38 PM (2).mp4,1,preprocessed_clean\validation_10fps_160x160\accident\WhatsApp Video 2026-09-08 at 3.22.38 PM (2)_seq_0001.npz,10,160,160,16,16
validation,accident,1,WhatsApp Video 2026-09-08 at 3.22.38 PM (2).mp4,2,preprocessed_clean\validation_10fps_160x160\accident\WhatsApp Video 2026-09-08 at 3.22.38 PM (2)_seq_0002.npz,10,160,160,16,16
validation,accident,1,WhatsApp Video 2026-09-08 at 3.22.38 PM (2).mp4,3,preprocessed_clean\validation_10fps_160x160\accident\WhatsApp Video 2026-09-08 at 3.22.38 PM (2)_seq_0003.npz,10,160,160,16,16
validation,accident,1,WhatsApp Video 2026-09-08 at 3.22.38 PM (2).mp4,4,preprocessed_clean\validation_10fps_160x160\accident\WhatsApp Video 2026-09-08 at 3.22.38 PM (2)_seq_0004.npz,10,160,160,16,16
validation,accident,1,WhatsApp Video 2026-09-08 at 3.22.39 PM (1).mp4,0,preprocessed_clean\validation_10fps_160x160\accident\WhatsApp Video 2026-09-08 at 3.22.39 PM (1)_seq_0000.npz,10,160,160,16,16
validation,accident,1,WhatsApp Video 2026-09-08 at 3.22.39 PM (1).mp4,1,preprocessed_clean\validation_10fps_160x160\accident\WhatsApp Video 2026-09-08 at 3.22.39 PM (1)_seq_0001.npz,10,160,160,16,16
validation,accident,1,WhatsApp Video 2026-09-08 at 3.22.39 PM (1).mp4,2,preprocessed_clean\validation_10fps_160x160\accident\WhatsApp Video 2026-09-08 at 3.22.39 PM (1)_seq_0002.npz,10,160,160,16,16
validation,accident,1,WhatsApp Video 2026-09-08 at 3.22.39 PM (1).mp4,3,preprocessed_clean\validation_10fps_160x160\accident\WhatsApp Video 2026-09-08 at 3.22.39 PM (1)_seq_0003.npz,10,160,160,16,16
validation,accident,1,WhatsApp Video 2026-09-08 at 3.22.39 PM (1).mp4,4,preprocessed_clean\validation_10fps_160x160\accident\WhatsApp Video 2026-09-08 at 3.22.39 PM (1)_seq_0004.npz,10,160,160,16,16
validation,accident,1,WhatsApp Video 2026-09-08 at 3.22.39 PM (1).mp4,5,preprocessed_clean\validation_10fps_160x160\accident\WhatsApp Video 2026-09-08 at 3.22.39 PM (1)_seq_0005.npz,10,160,160,16,16
validation,accident,1,WhatsApp Video 2026-09-08 at 3.22.39 PM (1).mp4,6,preprocessed_clean\validation_10fps_160x160\accident\WhatsApp Video 2026-09-08 at 3.22.39 PM (1)_seq_0006.npz,10,160,160,16,16
validation,accident,1,WhatsApp Video 2026-09-08 at 3.22.39 PM (1).mp4,7,preprocessed_clean\validation_10fps_160x160\accident\WhatsApp Video 2026-09-08 at 3.22.39 PM (1)_seq_0007.npz,10,160,160,16,16
validation,accident,1,WhatsApp Video 2026-09-08 at 3.22.39 PM (1).mp4,8,preprocessed_clean\validation_10fps_160x160\accident\WhatsApp Video 2026-09-08 at 3.22.39 PM (1)_seq_0008.npz,10,160,160,16,16
validation,accident,1,WhatsApp Video 2026-09-08 at 3.22.41 PM (1).mp4,0,preprocessed_clean\validation_10fps_160x160\accident\WhatsApp Video 2026-09-08 at 3.22.41 PM (1)_seq_0000.npz,10,160,160,16,16
validation,accident,1,WhatsApp Video 2026-09-08 at 3.22.41 PM (1).mp4,1,preprocessed_clean\validation_10fps_160x160\accident\WhatsApp Video 2026-09-08 at 3.22.41 PM (1)_seq_0001.npz,10,160,160,16,16
validation,accident,1,WhatsApp Video 2026-09-08 at 3.22.41 PM (1).mp4,2,preprocessed_clean\validation_10fps_160x160\accident\WhatsApp Video 2026-09-08 at 3.22.41 PM (1)_seq_0002.npz,10,160,160,16,16
validation,accident,1,WhatsApp Video 2026-09-08 at 3.22.41 PM (1).mp4,3,preprocessed_clean\validation_10fps_160x160\accident\WhatsApp Video 2026-09-08 at 3.22.41 PM (1)_seq_0003.npz,10,160,160,16,16
validation,accident,1,WhatsApp Video 2026-09-08 at 3.33.40 PM.mp4,0,preprocessed_clean\validation_10fps_160x160\accident\WhatsApp Video 2026-09-08 at 3.33.40 PM_seq_0000.npz,10,160,160,16,16
validation,accident,1,WhatsApp Video 2026-09-08 at 3.33.40 PM.mp4,1,preprocessed_clean\validation_10fps_160x160\accident\WhatsApp Video 2026-09-08 at 3.33.40 PM_seq_0001.npz,10,160,160,16,16
validation,accident,1,WhatsApp Video 2026-09-08 at 3.33.40 PM.mp4,2,preprocessed_clean\validation_10fps_160x160\accident\WhatsApp Video 2026-09-08 at 3.33.40 PM_seq_0002.npz,10,160,160,16,16
validation,accident,1,WhatsApp Video 2026-09-08 at 3.33.40 PM.mp4,3,preprocessed_clean\validation_10fps_160x160\accident\WhatsApp Video 2026-09-08 at 3.33.40 PM_seq_0003.npz,10,160,160,16,16
validation,accident,1,WhatsApp Video 2026-09-09 at 10.07.43 PM.mp4,0,preprocessed_clean\validation_10fps_160x160\accident\WhatsApp Video 2026-09-09 at 10.07.43 PM_seq_0000.npz,10,160,160,16,16
validation,accident,1,WhatsApp Video 2026-09-09 at 10.07.43 PM.mp4,1,preprocessed_clean\validation_10fps_160x160\accident\WhatsApp Video 2026-09-09 at 10.07.43 PM_seq_0001.npz,10,160,160,16,16
validation,accident,1,WhatsApp Video 2026-09-09 at 10.07.43 PM.mp4,2,preprocessed_clean\validation_10fps_160x160\accident\WhatsApp Video 2026-09-09 at 10.07.43 PM_seq_0002.npz,10,160,160,16,16
validation,accident,1,WhatsApp Video 2026-09-09 at 10.07.43 PM.mp4,3,preprocessed_clean\validation_10fps_160x160\accident\WhatsApp Video 2026-09-09 at 10.07.43 PM_seq_0003.npz,10,160,160,16,16
validation,accident,1,WhatsApp Video 2026-09-09 at 10.07.43 PM.mp4,4,preprocessed_clean\validation_10fps_160x160\accident\WhatsApp Video 2026-09-09 at 10.07.43 PM_seq_0004.npz,10,160,160,16,16
validation,accident,1,WhatsApp Video 2026-09-09 at 10.07.47 PM.mp4,0,preprocessed_clean\validation_10fps_160x160\accident\WhatsApp Video 2026-09-09 at 10.07.47 PM_seq_0000.npz,10,160,160,16,16
validation,accident,1,WhatsApp Video 2026-09-09 at 10.07.47 PM.mp4,1,preprocessed_clean\validation_10fps_160x160\accident\WhatsApp Video 2026-09-09 at 10.07.47 PM_seq_0001.npz,10,160,160,16,16
validation,accident,1,WhatsApp Video 2026-09-09 at 10.07.47 PM.mp4,2,preprocessed_clean\validation_10fps_160x160\accident\WhatsApp Video 2026-09-09 at 10.07.47 PM_seq_0002.npz,10,160,160,16,16
validation,accident,1,WhatsApp Video 2026-09-09 at 10.07.47 PM.mp4,3,preprocessed_clean\validation_10fps_160x160\accident\WhatsApp Video 2026-09-09 at 10.07.47 PM_seq_0003.npz,10,160,160,16,16
validation,accident,1,WhatsApp Video 2026-09-09 at 10.07.47 PM.mp4,4,preprocessed_clean\validation_10fps_160x160\accident\WhatsApp Video 2026-09-09 at 10.07.47 PM_seq_0004.npz,10,160,160,16,16
validation,accident,1,WhatsApp Video 2026-09-09 at 10.21.41 PM (1).mp4,0,preprocessed_clean\validation_10fps_160x160\accident\WhatsApp Video 2026-09-09 at 10.21.41 PM (1)_seq_0000.npz,10,160,160,16,16
validation,accident,1,WhatsApp Video 2026-09-09 at 9.29.25 PM.mp4,0,preprocessed_clean\validation_10fps_160x160\accident\WhatsApp Video 2026-09-09 at 9.29.25 PM_seq_0000.npz,10,160,160,16,16
validation,accident,1,WhatsApp Video 2026-09-09 at 9.29.25 PM.mp4,1,preprocessed_clean\validation_10fps_160x160\accident\WhatsApp Video 2026-09-09 at 9.29.25 PM_seq_0001.npz,10,160,160,16,16
validation,accident,1,WhatsApp Video 2026-09-09 at 9.29.25 PM.mp4,2,preprocessed_clean\validation_10fps_160x160\accident\WhatsApp Video 2026-09-09 at 9.29.25 PM_seq_0002.npz,10,160,160,16,16
validation,accident,1,WhatsApp Video 2026-09-09 at 9.29.25 PM.mp4,3,preprocessed_clean\validation_10fps_160x160\accident\WhatsApp Video 2026-09-09 at 9.29.25 PM_seq_0003.npz,10,160,160,16,16
validation,accident,1,WhatsApp Video 2026-09-09 at 9.29.25 PM.mp4,4,preprocessed_clean\validation_10fps_160x160\accident\WhatsApp Video 2026-09-09 at 9.29.25 PM_seq_0004.npz,10,160,160,16,16
validation,accident,1,WhatsApp Video 2026-09-09 at 9.29.25 PM.mp4,5,preprocessed_clean\validation_10fps_160x160\accident\WhatsApp Video 2026-09-09 at 9.29.25 PM_seq_0005.npz,10,160,160,16,16
validation,accident,1,WhatsApp Video 2026-09-09 at 9.29.25 PM.mp4,6,preprocessed_clean\validation_10fps_160x160\accident\WhatsApp Video 2026-09-09 at 9.29.25 PM_seq_0006.npz,10,160,160,16,16
validation,accident,1,WhatsApp Video 2026-09-09 at 9.29.41 PM.mp4,0,preprocessed_clean\validation_10fps_160x160\accident\WhatsApp Video 2026-09-09 at 9.29.41 PM_seq_0000.npz,10,160,160,16,16
validation,accident,1,WhatsApp Video 2026-09-09 at 9.29.41 PM.mp4,1,preprocessed_clean\validation_10fps_160x160\accident\WhatsApp Video 2026-09-09 at 9.29.41 PM_seq_0001.npz,10,160,160,16,16
validation,accident,1,WhatsApp Video 2026-09-09 at 9.29.41 PM.mp4,2,preprocessed_clean\validation_10fps_160x160\accident\WhatsApp Video 2026-09-09 at 9.29.41 PM_seq_0002.npz,10,160,160,16,16
validation,accident,1,WhatsApp Video 2026-09-09 at 9.29.41 PM.mp4,3,preprocessed_clean\validation_10fps_160x160\accident\WhatsApp Video 2026-09-09 at 9.29.41 PM_seq_0003.npz,10,160,160,16,16
validation,accident,1,WhatsApp Video 2026-09-09 at 9.59.59 PM (2).mp4,0,preprocessed_clean\validation_10fps_160x160\accident\WhatsApp Video 2026-09-09 at 9.59.59 PM (2)_seq_0000.npz,10,160,160,16,16
validation,accident,1,WhatsApp Video 2026-09-09 at 9.59.59 PM (2).mp4,1,preprocessed_clean\validation_10fps_160x160\accident\WhatsApp Video 2026-09-09 at 9.59.59 PM (2)_seq_0001.npz,10,160,160,16,16
validation,accident,1,WhatsApp Video 2026-09-09 at 9.59.59 PM (2).mp4,2,preprocessed_clean\validation_10fps_160x160\accident\WhatsApp Video 2026-09-09 at 9.59.59 PM (2)_seq_0002.npz,10,160,160,16,16
validation,accident,1,WhatsApp Video 2026-09-09 at 9.59.59 PM (2).mp4,3,preprocessed_clean\validation_10fps_160x160\accident\WhatsApp Video 2026-09-09 at 9.59.59 PM (2)_seq_0003.npz,10,160,160,16,16
validation,normal,0,WhatsApp Video 2026-09-08 at 9.34.35 PM.mp4,0,preprocessed_clean\validation_10fps_160x160\normal\WhatsApp Video 2026-09-08 at 9.34.35 PM_seq_0000.npz,10,160,160,16,16
validation,normal,0,WhatsApp Video 2026-09-08 at 9.34.35 PM.mp4,1,preprocessed_clean\validation_10fps_160x160\normal\WhatsApp Video 2026-09-08 at 9.34.35 PM_seq_0001.npz,10,160,160,16,16
validation,normal,0,WhatsApp Video 2026-09-08 at 9.34.35 PM.mp4,2,preprocessed_clean\validation_10fps_160x160\normal\WhatsApp Video 2026-09-08 at 9.34.35 PM_seq_0002.npz,10,160,160,16,16
validation,normal,0,WhatsApp Video 2026-09-08 at 9.34.35 PM.mp4,3,preprocessed_clean\validation_10fps_160x160\normal\WhatsApp Video 2026-09-08 at 9.34.35 PM_seq_0003.npz,10,160,160,16,16
validation,normal,0,WhatsApp Video 2026-09-08 at 9.34.35 PM.mp4,4,preprocessed_clean\validation_10fps_160x160\normal\WhatsApp Video 2026-09-08 at 9.34.35 PM_seq_0004.npz,10,160,160,16,16
validation,normal,0,WhatsApp Video 2026-09-08 at 9.34.35 PM.mp4,5,preprocessed_clean\validation_10fps_160x160\normal\WhatsApp Video 2026-09-08 at 9.34.35 PM_seq_0005.npz,10,160,160,16,16
validation,normal,0,WhatsApp Video 2026-09-08 at 9.34.35 PM.mp4,6,preprocessed_clean\validation_10fps_160x160\normal\WhatsApp Video 2026-09-08 at 9.34.35 PM_seq_0006.npz,10,160,160,16,16
validation,normal,0,WhatsApp Video 2026-09-08 at 9.34.35 PM.mp4,7,preprocessed_clean\validation_10fps_160x160\normal\WhatsApp Video 2026-09-08 at 9.34.35 PM_seq_0007.npz,10,160,160,16,16
validation,normal,0,WhatsApp Video 2026-09-08 at 9.34.35 PM.mp4,8,preprocessed_clean\validation_10fps_160x160\normal\WhatsApp Video 2026-09-08 at 9.34.35 PM_seq_0008.npz,10,160,160,16,16
validation,normal,0,WhatsApp Video 2026-09-08 at 9.36.39 PM.mp4,0,preprocessed_clean\validation_10fps_160x160\normal\WhatsApp Video 2026-09-08 at 9.36.39 PM_seq_0000.npz,10,160,160,16,16
validation,normal,0,WhatsApp Video 2026-09-08 at 9.36.39 PM.mp4,1,preprocessed_clean\validation_10fps_160x160\normal\WhatsApp Video 2026-09-08 at 9.36.39 PM_seq_0001.npz,10,160,160,16,16
validation,normal,0,WhatsApp Video 2026-09-08 at 9.36.39 PM.mp4,2,preprocessed_clean\validation_10fps_160x160\normal\WhatsApp Video 2026-09-08 at 9.36.39 PM_seq_0002.npz,10,160,160,16,16
validation,normal,0,WhatsApp Video 2026-09-08 at 9.36.39 PM.mp4,3,preprocessed_clean\validation_10fps_160x160\normal\WhatsApp Video 2026-09-08 at 9.36.39 PM_seq_0003.npz,10,160,160,16,16
validation,normal,0,WhatsApp Video 2026-09-08 at 9.36.39 PM.mp4,4,preprocessed_clean\validation_10fps_160x160\normal\WhatsApp Video 2026-09-08 at 9.36.39 PM_seq_0004.npz,10,160,160,16,16
validation,normal,0,WhatsApp Video 2026-09-08 at 9.36.39 PM.mp4,5,preprocessed_clean\validation_10fps_160x160\normal\WhatsApp Video 2026-09-08 at 9.36.39 PM_seq_0005.npz,10,160,160,16,16
validation,normal,0,WhatsApp Video 2026-09-08 at 9.36.39 PM.mp4,6,preprocessed_clean\validation_10fps_160x160\normal\WhatsApp Video 2026-09-08 at 9.36.39 PM_seq_0006.npz,10,160,160,16,16
validation,normal,0,WhatsApp Video 2026-09-08 at 9.36.39 PM.mp4,7,preprocessed_clean\validation_10fps_160x160\normal\WhatsApp Video 2026-09-08 at 9.36.39 PM_seq_0007.npz,10,160,160,16,16
validation,normal,0,WhatsApp Video 2026-09-08 at 9.36.39 PM.mp4,8,preprocessed_clean\validation_10fps_160x160\normal\WhatsApp Video 2026-09-08 at 9.36.39 PM_seq_0008.npz,10,160,160,16,16
validation,normal,0,WhatsApp Video 2026-09-09 at 11.19.58 AM.mp4,0,preprocessed_clean\validation_10fps_160x160\normal\WhatsApp Video 2026-09-09 at 11.19.58 AM_seq_0000.npz,10,160,160,16,16
validation,normal,0,WhatsApp Video 2026-09-09 at 11.19.58 AM.mp4,1,preprocessed_clean\validation_10fps_160x160\normal\WhatsApp Video 2026-09-09 at 11.19.58 AM_seq_0001.npz,10,160,160,16,16
validation,normal,0,WhatsApp Video 2026-09-09 at 11.19.58 AM.mp4,2,preprocessed_clean\validation_10fps_160x160\normal\WhatsApp Video 2026-09-09 at 11.19.58 AM_seq_0002.npz,10,160,160,16,16
validation,normal,0,WhatsApp Video 2026-09-09 at 11.19.58 AM.mp4,3,preprocessed_clean\validation_10fps_160x160\normal\WhatsApp Video 2026-09-09 at 11.19.58 AM_seq_0003.npz,10,160,160,16,16
validation,normal,0,WhatsApp Video 2026-09-09 at 11.19.58 AM.mp4,4,preprocessed_clean\validation_10fps_160x160\normal\WhatsApp Video 2026-09-09 at 11.19.58 AM_seq_0004.npz,10,160,160,16,16
validation,normal,0,WhatsApp Video 2026-09-09 at 11.19.58 AM.mp4,5,preprocessed_clean\validation_10fps_160x160\normal\WhatsApp Video 2026-09-09 at 11.19.58 AM_seq_0005.npz,10,160,160,16,16
validation,normal,0,WhatsApp Video 2026-09-09 at 11.19.58 AM.mp4,6,preprocessed_clean\validation_10fps_160x160\normal\WhatsApp Video 2026-09-09 at 11.19.58 AM_seq_0006.npz,10,160,160,16,16
validation,normal,0,WhatsApp Video 2026-09-09 at 11.19.58 AM.mp4,7,preprocessed_clean\validation_10fps_160x160\normal\WhatsApp Video 2026-09-09 at 11.19.58 AM_seq_0007.npz,10,160,160,16,16
validation,normal,0,WhatsApp Video 2026-09-09 at 11.19.58 AM.mp4,8,preprocessed_clean\validation_10fps_160x160\normal\WhatsApp Video 2026-09-09 at 11.19.58 AM_seq_0008.npz,10,160,160,16,16
validation,normal,0,WhatsApp Video 2026-09-09 at 11.19.58 AM.mp4,9,preprocessed_clean\validation_10fps_160x160\normal\WhatsApp Video 2026-09-09 at 11.19.58 AM_seq_0009.npz,10,160,160,16,16
validation,normal,0,WhatsApp Video 2026-09-09 at 11.19.58 AM.mp4,10,preprocessed_clean\validation_10fps_160x160\normal\WhatsApp Video 2026-09-09 at 11.19.58 AM_seq_0010.npz,10,160,160,16,16
validation,normal,0,WhatsApp Video 2026-09-09 at 11.19.58 AM.mp4,11,preprocessed_clean\validation_10fps_160x160\normal\WhatsApp Video 2026-09-09 at 11.19.58 AM_seq_0011.npz,10,160,160,16,16
validation,normal,0,WhatsApp Video 2026-09-09 at 11.20.08 AM.mp4,0,preprocessed_clean\validation_10fps_160x160\normal\WhatsApp Video 2026-09-09 at 11.20.08 AM_seq_0000.npz,10,160,160,16,16
validation,normal,0,WhatsApp Video 2026-09-09 at 11.20.08 AM.mp4,1,preprocessed_clean\validation_10fps_160x160\normal\WhatsApp Video 2026-09-09 at 11.20.08 AM_seq_0001.npz,10,160,160,16,16
validation,normal,0,WhatsApp Video 2026-09-09 at 11.20.08 AM.mp4,2,preprocessed_clean\validation_10fps_160x160\normal\WhatsApp Video 2026-09-09 at 11.20.08 AM_seq_0002.npz,10,160,160,16,16
validation,normal,0,WhatsApp Video 2026-09-09 at 11.20.08 AM.mp4,3,preprocessed_clean\validation_10fps_160x160\normal\WhatsApp Video 2026-09-09 at 11.20.08 AM_seq_0003.npz,10,160,160,16,16
validation,normal,0,WhatsApp Video 2026-09-09 at 11.20.08 AM.mp4,4,preprocessed_clean\validation_10fps_160x160\normal\WhatsApp Video 2026-09-09 at 11.20.08 AM_seq_0004.npz,10,160,160,16,16
validation,normal,0,WhatsApp Video 2026-09-09 at 11.20.08 AM.mp4,5,preprocessed_clean\validation_10fps_160x160\normal\WhatsApp Video 2026-09-09 at 11.20.08 AM_seq_0005.npz,10,160,160,16,16
validation,normal,0,WhatsApp Video 2026-09-09 at 11.20.08 AM.mp4,6,preprocessed_clean\validation_10fps_160x160\normal\WhatsApp Video 2026-09-09 at 11.20.08 AM_seq_0006.npz,10,160,160,16,16
validation,normal,0,WhatsApp Video 2026-09-09 at 11.20.08 AM.mp4,7,preprocessed_clean\validation_10fps_160x160\normal\WhatsApp Video 2026-09-09 at 11.20.08 AM_seq_0007.npz,10,160,160,16,16
validation,normal,0,WhatsApp Video 2026-09-09 at 11.20.08 AM.mp4,8,preprocessed_clean\validation_10fps_160x160\normal\WhatsApp Video 2026-09-09 at 11.20.08 AM_seq_0008.npz,10,160,160,16,16
validation,normal,0,WhatsApp Video 2026-09-09 at 11.20.08 AM.mp4,9,preprocessed_clean\validation_10fps_160x160\normal\WhatsApp Video 2026-09-09 at 11.20.08 AM_seq_0009.npz,10,160,160,16,16
validation,normal,0,WhatsApp Video 2026-09-09 at 11.20.08 AM.mp4,10,preprocessed_clean\validation_10fps_160x160\normal\WhatsApp Video 2026-09-09 at 11.20.08 AM_seq_0010.npz,10,160,160,16,16
validation,normal,0,WhatsApp Video 2026-09-09 at 11.20.08 AM.mp4,11,preprocessed_clean\validation_10fps_160x160\normal\WhatsApp Video 2026-09-09 at 11.20.08 AM_seq_0011.npz,10,160,160,16,16
validation,normal,0,WhatsApp Video 2026-09-09 at 11.20.11 AM.mp4,0,preprocessed_clean\validation_10fps_160x160\normal\WhatsApp Video 2026-09-09 at 11.20.11 AM_seq_0000.npz,10,160,160,16,16
validation,normal,0,WhatsApp Video 2026-09-09 at 11.20.11 AM.mp4,1,preprocessed_clean\validation_10fps_160x160\normal\WhatsApp Video 2026-09-09 at 11.20.11 AM_seq_0001.npz,10,160,160,16,16
validation,normal,0,WhatsApp Video 2026-09-09 at 11.20.11 AM.mp4,2,preprocessed_clean\validation_10fps_160x160\normal\WhatsApp Video 2026-09-09 at 11.20.11 AM_seq_0002.npz,10,160,160,16,16
validation,normal,0,WhatsApp Video 2026-09-09 at 11.20.11 AM.mp4,3,preprocessed_clean\validation_10fps_160x160\normal\WhatsApp Video 2026-09-09 at 11.20.11 AM_seq_0003.npz,10,160,160,16,16
validation,normal,0,WhatsApp Video 2026-09-09 at 11.20.11 AM.mp4,4,preprocessed_clean\validation_10fps_160x160\normal\WhatsApp Video 2026-09-09 at 11.20.11 AM_seq_0004.npz,10,160,160,16,16
validation,normal,0,WhatsApp Video 2026-09-09 at 11.20.11 AM.mp4,5,preprocessed_clean\validation_10fps_160x160\normal\WhatsApp Video 2026-09-09 at 11.20.11 AM_seq_0005.npz,10,160,160,16,16
validation,normal,0,WhatsApp Video 2026-09-09 at 11.20.11 AM.mp4,6,preprocessed_clean\validation_10fps_160x160\normal\WhatsApp Video 2026-09-09 at 11.20.11 AM_seq_0006.npz,10,160,160,16,16
validation,normal,0,WhatsApp Video 2026-09-09 at 11.20.11 AM.mp4,7,preprocessed_clean\validation_10fps_160x160\normal\WhatsApp Video 2026-09-09 at 11.20.11 AM_seq_0007.npz,10,160,160,16,16
validation,normal,0,WhatsApp Video 2026-09-09 at 11.20.11 AM.mp4,8,preprocessed_clean\validation_10fps_160x160\normal\WhatsApp Video 2026-09-09 at 11.20.11 AM_seq_0008.npz,10,160,160,16,16
validation,normal,0,WhatsApp Video 2026-09-09 at 11.20.11 AM.mp4,9,preprocessed_clean\validation_10fps_160x160\normal\WhatsApp Video 2026-09-09 at 11.20.11 AM_seq_0009.npz,10,160,160,16,16
validation,normal,0,WhatsApp Video 2026-09-09 at 11.20.11 AM.mp4,10,preprocessed_clean\validation_10fps_160x160\normal\WhatsApp Video 2026-09-09 at 11.20.11 AM_seq_0010.npz,10,160,160,16,16
validation,normal,0,WhatsApp Video 2026-09-09 at 11.20.11 AM.mp4,11,preprocessed_clean\validation_10fps_160x160\normal\WhatsApp Video 2026-09-09 at 11.20.11 AM_seq_0011.npz,10,160,160,16,16
validation,normal,0,WhatsApp Video 2026-09-09 at 11.20.36 AM.mp4,0,preprocessed_clean\validation_10fps_160x160\normal\WhatsApp Video 2026-09-09 at 11.20.36 AM_seq_0000.npz,10,160,160,16,16
validation,normal,0,WhatsApp Video 2026-09-09 at 11.20.36 AM.mp4,1,preprocessed_clean\validation_10fps_160x160\normal\WhatsApp Video 2026-09-09 at 11.20.36 AM_seq_0001.npz,10,160,160,16,16
validation,normal,0,WhatsApp Video 2026-09-09 at 11.20.36 AM.mp4,2,preprocessed_clean\validation_10fps_160x160\normal\WhatsApp Video 2026-09-09 at 11.20.36 AM_seq_0002.npz,10,160,160,16,16
validation,normal,0,WhatsApp Video 2026-09-09 at 11.20.36 AM.mp4,3,preprocessed_clean\validation_10fps_160x160\normal\WhatsApp Video 2026-09-09 at 11.20.36 AM_seq_0003.npz,10,160,160,16,16
validation,normal,0,WhatsApp Video 2026-09-09 at 11.20.36 AM.mp4,4,preprocessed_clean\validation_10fps_160x160\normal\WhatsApp Video 2026-09-09 at 11.20.36 AM_seq_0004.npz,10,160,160,16,16
validation,normal,0,WhatsApp Video 2026-09-09 at 11.20.36 AM.mp4,5,preprocessed_clean\validation_10fps_160x160\normal\WhatsApp Video 2026-09-09 at 11.20.36 AM_seq_0005.npz,10,160,160,16,16
validation,normal,0,WhatsApp Video 2026-09-09 at 11.20.36 AM.mp4,6,preprocessed_clean\validation_10fps_160x160\normal\WhatsApp Video 2026-09-09 at 11.20.36 AM_seq_0006.npz,10,160,160,16,16
validation,normal,0,WhatsApp Video 2026-09-09 at 11.20.36 AM.mp4,7,preprocessed_clean\validation_10fps_160x160\normal\WhatsApp Video 2026-09-09 at 11.20.36 AM_seq_0007.npz,10,160,160,16,16
validation,normal,0,WhatsApp Video 2026-09-09 at 11.20.36 AM.mp4,8,preprocessed_clean\validation_10fps_160x160\normal\WhatsApp Video 2026-09-09 at 11.20.36 AM_seq_0008.npz,10,160,160,16,16
validation,normal,0,WhatsApp Video 2026-09-09 at 11.20.36 AM.mp4,9,preprocessed_clean\validation_10fps_160x160\normal\WhatsApp Video 2026-09-09 at 11.20.36 AM_seq_0009.npz,10,160,160,16,16
validation,normal,0,WhatsApp Video 2026-09-09 at 11.20.36 AM.mp4,10,preprocessed_clean\validation_10fps_160x160\normal\WhatsApp Video 2026-09-09 at 11.20.36 AM_seq_0010.npz,10,160,160,16,16
validation,normal,0,WhatsApp Video 2026-09-09 at 11.22.17 AM.mp4,0,preprocessed_clean\validation_10fps_160x160\normal\WhatsApp Video 2026-09-09 at 11.22.17 AM_seq_0000.npz,10,160,160,16,16
validation,normal,0,WhatsApp Video 2026-09-09 at 11.22.17 AM.mp4,1,preprocessed_clean\validation_10fps_160x160\normal\WhatsApp Video 2026-09-09 at 11.22.17 AM_seq_0001.npz,10,160,160,16,16
validation,normal,0,WhatsApp Video 2026-09-09 at 11.22.17 AM.mp4,2,preprocessed_clean\validation_10fps_160x160\normal\WhatsApp Video 2026-09-09 at 11.22.17 AM_seq_0002.npz,10,160,160,16,16
validation,normal,0,WhatsApp Video 2026-09-09 at 11.22.17 AM.mp4,3,preprocessed_clean\validation_10fps_160x160\normal\WhatsApp Video 2026-09-09 at 11.22.17 AM_seq_0003.npz,10,160,160,16,16
validation,normal,0,WhatsApp Video 2026-09-09 at 11.22.17 AM.mp4,4,preprocessed_clean\validation_10fps_160x160\normal\WhatsApp Video 2026-09-09 at 11.22.17 AM_seq_0004.npz,10,160,160,16,16
validation,normal,0,WhatsApp Video 2026-09-09 at 11.22.17 AM.mp4,5,preprocessed_clean\validation_10fps_160x160\normal\WhatsApp Video 2026-09-09 at 11.22.17 AM_seq_0005.npz,10,160,160,16,16
validation,normal,0,WhatsApp Video 2026-09-09 at 11.22.17 AM.mp4,6,preprocessed_clean\validation_10fps_160x160\normal\WhatsApp Video 2026-09-09 at 11.22.17 AM_seq_0006.npz,10,160,160,16,16
validation,normal,0,WhatsApp Video 2026-09-09 at 11.22.17 AM.mp4,7,preprocessed_clean\validation_10fps_160x160\normal\WhatsApp Video 2026-09-09 at 11.22.17 AM_seq_0007.npz,10,160,160,16,16
validation,normal,0,WhatsApp Video 2026-09-09 at 11.22.17 AM.mp4,8,preprocessed_clean\validation_10fps_160x160\normal\WhatsApp Video 2026-09-09 at 11.22.17 AM_seq_0008.npz,10,160,160,16,16
validation,normal,0,WhatsApp Video 2026-09-09 at 11.22.17 AM.mp4,9,preprocessed_clean\validation_10fps_160x160\normal\WhatsApp Video 2026-09-09 at 11.22.17 AM_seq_0009.npz,10,160,160,16,16
validation,normal,0,WhatsApp Video 2026-09-09 at 11.22.17 AM.mp4,10,preprocessed_clean\validation_10fps_160x160\normal\WhatsApp Video 2026-09-09 at 11.22.17 AM_seq_0010.npz,10,160,160,16,16
validation,normal,0,WhatsApp Video 2026-09-09 at 11.22.17 AM.mp4,11,preprocessed_clean\validation_10fps_160x160\normal\WhatsApp Video 2026-09-09 at 11.22.17 AM_seq_0011.npz,10,160,160,16,16
validation,normal,0,WhatsApp Video 2026-09-09 at 11.22.18 AM.mp4,0,preprocessed_clean\validation_10fps_160x160\normal\WhatsApp Video 2026-09-09 at 11.22.18 AM_seq_0000.npz,10,160,160,16,16
validation,normal,0,WhatsApp Video 2026-09-09 at 11.22.18 AM.mp4,1,preprocessed_clean\validation_10fps_160x160\normal\WhatsApp Video 2026-09-09 at 11.22.18 AM_seq_0001.npz,10,160,160,16,16
validation,normal,0,WhatsApp Video 2026-09-09 at 11.22.18 AM.mp4,2,preprocessed_clean\validation_10fps_160x160\normal\WhatsApp Video 2026-09-09 at 11.22.18 AM_seq_0002.npz,10,160,160,16,16
validation,normal,0,WhatsApp Video 2026-09-09 at 11.22.18 AM.mp4,3,preprocessed_clean\validation_10fps_160x160\normal\WhatsApp Video 2026-09-09 at 11.22.18 AM_seq_0003.npz,10,160,160,16,16
validation,normal,0,WhatsApp Video 2026-09-09 at 11.22.18 AM.mp4,4,preprocessed_clean\validation_10fps_160x160\normal\WhatsApp Video 2026-09-09 at 11.22.18 AM_seq_0004.npz,10,160,160,16,16
validation,normal,0,WhatsApp Video 2026-09-09 at 11.22.18 AM.mp4,5,preprocessed_clean\validation_10fps_160x160\normal\WhatsApp Video 2026-09-09 at 11.22.18 AM_seq_0005.npz,10,160,160,16,16
validation,normal,0,WhatsApp Video 2026-09-09 at 11.22.18 AM.mp4,6,preprocessed_clean\validation_10fps_160x160\normal\WhatsApp Video 2026-09-09 at 11.22.18 AM_seq_0006.npz,10,160,160,16,16
validation,normal,0,WhatsApp Video 2026-09-09 at 11.22.18 AM.mp4,7,preprocessed_clean\validation_10fps_160x160\normal\WhatsApp Video 2026-09-09 at 11.22.18 AM_seq_0007.npz,10,160,160,16,16
validation,normal,0,WhatsApp Video 2026-09-09 at 11.22.18 AM.mp4,8,preprocessed_clean\validation_10fps_160x160\normal\WhatsApp Video 2026-09-09 at 11.22.18 AM_seq_0008.npz,10,160,160,16,16
validation,normal,0,WhatsApp Video 2026-09-09 at 11.22.18 AM.mp4,9,preprocessed_clean\validation_10fps_160x160\normal\WhatsApp Video 2026-09-09 at 11.22.18 AM_seq_0009.npz,10,160,160,16,16
validation,normal,0,WhatsApp Video 2026-09-09 at 11.22.18 AM.mp4,10,preprocessed_clean\validation_10fps_160x160\normal\WhatsApp Video 2026-09-09 at 11.22.18 AM_seq_0010.npz,10,160,160,16,16
validation,normal,0,WhatsApp Video 2026-09-09 at 11.22.18 AM.mp4,11,preprocessed_clean\validation_10fps_160x160\normal\WhatsApp Video 2026-09-09 at 11.22.18 AM_seq_0011.npz,10,160,160,16,16
validation,normal,0,WhatsApp Video 2026-09-09 at 11.23.28 AM.mp4,0,preprocessed_clean\validation_10fps_160x160\normal\WhatsApp Video 2026-09-09 at 11.23.28 AM_seq_0000.npz,10,160,160,16,16
validation,normal,0,WhatsApp Video 2026-09-09 at 11.23.28 AM.mp4,1,preprocessed_clean\validation_10fps_160x160\normal\WhatsApp Video 2026-09-09 at 11.23.28 AM_seq_0001.npz,10,160,160,16,16
validation,normal,0,WhatsApp Video 2026-09-09 at 11.23.28 AM.mp4,2,preprocessed_clean\validation_10fps_160x160\normal\WhatsApp Video 2026-09-09 at 11.23.28 AM_seq_0002.npz,10,160,160,16,16
validation,normal,0,WhatsApp Video 2026-09-09 at 11.23.28 AM.mp4,3,preprocessed_clean\validation_10fps_160x160\normal\WhatsApp Video 2026-09-09 at 11.23.28 AM_seq_0003.npz,10,160,160,16,16
validation,normal,0,WhatsApp Video 2026-09-09 at 11.23.28 AM.mp4,4,preprocessed_clean\validation_10fps_160x160\normal\WhatsApp Video 2026-09-09 at 11.23.28 AM_seq_0004.npz,10,160,160,16,16
validation,normal,0,WhatsApp Video 2026-09-09 at 11.23.28 AM.mp4,5,preprocessed_clean\validation_10fps_160x160\normal\WhatsApp Video 2026-09-09 at 11.23.28 AM_seq_0005.npz,10,160,160,16,16
validation,normal,0,WhatsApp Video 2026-09-09 at 11.23.28 AM.mp4,6,preprocessed_clean\validation_10fps_160x160\normal\WhatsApp Video 2026-09-09 at 11.23.28 AM_seq_0006.npz,10,160,160,16,16
validation,normal,0,WhatsApp Video 2026-09-09 at 11.23.28 AM.mp4,7,preprocessed_clean\validation_10fps_160x160\normal\WhatsApp Video 2026-09-09 at 11.23.28 AM_seq_0007.npz,10,160,160,16,16
validation,normal,0,WhatsApp Video 2026-09-09 at 11.23.28 AM.mp4,8,preprocessed_clean\validation_10fps_160x160\normal\WhatsApp Video 2026-09-09 at 11.23.28 AM_seq_0008.npz,10,160,160,16,16
validation,normal,0,WhatsApp Video 2026-09-09 at 11.23.28 AM.mp4,9,preprocessed_clean\validation_10fps_160x160\normal\WhatsApp Video 2026-09-09 at 11.23.28 AM_seq_0009.npz,10,160,160,16,16
validation,normal,0,WhatsApp Video 2026-09-09 at 11.23.28 AM.mp4,10,preprocessed_clean\validation_10fps_160x160\normal\WhatsApp Video 2026-09-09 at 11.23.28 AM_seq_0010.npz,10,160,160,16,16
validation,normal,0,WhatsApp Video 2026-09-09 at 11.23.28 AM.mp4,11,preprocessed_clean\validation_10fps_160x160\normal\WhatsApp Video 2026-09-09 at 11.23.28 AM_seq_0011.npz,10,160,160,16,16
validation,normal,0,WhatsApp Video 2026-09-09 at 11.23.28 AM.mp4,12,preprocessed_clean\validation_10fps_160x160\normal\WhatsApp Video 2026-09-09 at 11.23.28 AM_seq_0012.npz,10,160,160,16,16
validation,normal,0,WhatsApp Video 2026-09-09 at 11.23.28 AM.mp4,13,preprocessed_clean\validation_10fps_160x160\normal\WhatsApp Video 2026-09-09 at 11.23.28 AM_seq_0013.npz,10,160,160,16,16
validation,normal,0,WhatsApp Video 2026-09-09 at 11.23.28 AM.mp4,14,preprocessed_clean\validation_10fps_160x160\normal\WhatsApp Video 2026-09-09 at 11.23.28 AM_seq_0014.npz,10,160,160,16,16
validation,normal,0,WhatsApp Video 2026-09-09 at 11.23.28 AM.mp4,15,preprocessed_clean\validation_10fps_160x160\normal\WhatsApp Video 2026-09-09 at 11.23.28 AM_seq_0015.npz,10,160,160,16,16
validation,normal,0,WhatsApp Video 2026-09-09 at 11.23.28 AM.mp4,16,preprocessed_clean\validation_10fps_160x160\normal\WhatsApp Video 2026-09-09 at 11.23.28 AM_seq_0016.npz,10,160,160,16,16
validation,normal,0,WhatsApp Video 2026-09-09 at 11.23.28 AM.mp4,17,preprocessed_clean\validation_10fps_160x160\normal\WhatsApp Video 2026-09-09 at 11.23.28 AM_seq_0017.npz,10,160,160,16,16
validation,normal,0,WhatsApp Video 2026-09-09 at 11.23.28 AM.mp4,18,preprocessed_clean\validation_10fps_160x160\normal\WhatsApp Video 2026-09-09 at 11.23.28 AM_seq_0018.npz,10,160,160,16,16
validation,normal,0,WhatsApp Video 2026-09-09 at 11.23.28 AM.mp4,19,preprocessed_clean\validation_10fps_160x160\normal\WhatsApp Video 2026-09-09 at 11.23.28 AM_seq_0019.npz,10,160,160,16,16
validation,normal,0,WhatsApp Video 2026-09-09 at 11.23.28 AM.mp4,20,preprocessed_clean\validation_10fps_160x160\normal\WhatsApp Video 2026-09-09 at 11.23.28 AM_seq_0020.npz,10,160,160,16,16
validation,normal,0,WhatsApp Video 2026-09-09 at 11.23.28 AM.mp4,21,preprocessed_clean\validation_10fps_160x160\normal\WhatsApp Video 2026-09-09 at 11.23.28 AM_seq_0021.npz,10,160,160,16,16
validation,normal,0,WhatsApp Video 2026-09-09 at 11.23.28 AM.mp4,22,preprocessed_clean\validation_10fps_160x160\normal\WhatsApp Video 2026-09-09 at 11.23.28 AM_seq_0022.npz,10,160,160,16,16
validation,normal,0,WhatsApp Video 2026-09-09 at 11.23.28 AM.mp4,23,preprocessed_clean\validation_10fps_160x160\normal\WhatsApp Video 2026-09-09 at 11.23.28 AM_seq_0023.npz,10,160,160,16,16
validation,normal,0,WhatsApp Video 2026-09-09 at 11.23.28 AM.mp4,24,preprocessed_clean\validation_10fps_160x160\normal\WhatsApp Video 2026-09-09 at 11.23.28 AM_seq_0024.npz,10,160,160,16,16
validation,normal,0,WhatsApp Video 2026-09-09 at 11.23.28 AM.mp4,25,preprocessed_clean\validation_10fps_160x160\normal\WhatsApp Video 2026-09-09 at 11.23.28 AM_seq_0025.npz,10,160,160,16,16
validation,normal,0,WhatsApp Video 2026-09-09 at 11.23.28 AM.mp4,26,preprocessed_clean\validation_10fps_160x160\normal\WhatsApp Video 2026-09-09 at 11.23.28 AM_seq_0026.npz,10,160,160,16,16
validation,normal,0,WhatsApp Video 2026-09-09 at 11.23.28 AM.mp4,27,preprocessed_clean\validation_10fps_160x160\normal\WhatsApp Video 2026-09-09 at 11.23.28 AM_seq_0027.npz,10,160,160,16,16
validation,normal,0,WhatsApp Video 2026-09-09 at 11.23.28 AM.mp4,28,preprocessed_clean\validation_10fps_160x160\normal\WhatsApp Video 2026-09-09 at 11.23.28 AM_seq_0028.npz,10,160,160,16,16
validation,normal,0,WhatsApp Video 2026-09-09 at 11.23.28 AM.mp4,29,preprocessed_clean\validation_10fps_160x160\normal\WhatsApp Video 2026-09-09 at 11.23.28 AM_seq_0029.npz,10,160,160,16,16
validation,normal,0,WhatsApp Video 2026-09-09 at 11.23.28 AM.mp4,30,preprocessed_clean\validation_10fps_160x160\normal\WhatsApp Video 2026-09-09 at 11.23.28 AM_seq_0030.npz,10,160,160,16,16
validation,normal,0,WhatsApp Video 2026-09-09 at 11.23.28 AM.mp4,31,preprocessed_clean\validation_10fps_160x160\normal\WhatsApp Video 2026-09-09 at 11.23.28 AM_seq_0031.npz,10,160,160,16,16
validation,normal,0,WhatsApp Video 2026-09-09 at 11.23.28 AM.mp4,32,preprocessed_clean\validation_10fps_160x160\normal\WhatsApp Video 2026-09-09 at 11.23.28 AM_seq_0032.npz,10,160,160,16,16
validation,normal,0,WhatsApp Video 2026-09-09 at 11.23.28 AM.mp4,33,preprocessed_clean\validation_10fps_160x160\normal\WhatsApp Video 2026-09-09 at 11.23.28 AM_seq_0033.npz,10,160,160,16,16
validation,normal,0,WhatsApp Video 2026-09-09 at 11.23.28 AM.mp4,34,preprocessed_clean\validation_10fps_160x160\normal\WhatsApp Video 2026-09-09 at 11.23.28 AM_seq_0034.npz,10,160,160,16,16
validation,normal,0,WhatsApp Video 2026-09-09 at 11.23.28 AM.mp4,35,preprocessed_clean\validation_10fps_160x160\normal\WhatsApp Video 2026-09-09 at 11.23.28 AM_seq_0035.npz,10,160,160,16,16
validation,normal,0,WhatsApp Video 2026-09-09 at 11.23.28 AM.mp4,36,preprocessed_clean\validation_10fps_160x160\normal\WhatsApp Video 2026-09-09 at 11.23.28 AM_seq_0036.npz,10,160,160,16,16
validation,normal,0,WhatsApp Video 2026-09-09 at 11.23.28 AM.mp4,37,preprocessed_clean\validation_10fps_160x160\normal\WhatsApp Video 2026-09-09 at 11.23.28 AM_seq_0037.npz,10,160,160,16,16
validation,normal,0,WhatsApp Video 2026-09-09 at 11.23.28 AM.mp4,38,preprocessed_clean\validation_10fps_160x160\normal\WhatsApp Video 2026-09-09 at 11.23.28 AM_seq_0038.npz,10,160,160,16,16
validation,normal,0,WhatsApp Video 2026-09-09 at 11.23.28 AM.mp4,39,preprocessed_clean\validation_10fps_160x160\normal\WhatsApp Video 2026-09-09 at 11.23.28 AM_seq_0039.npz,10,160,160,16,16
validation,normal,0,WhatsApp Video 2026-09-09 at 11.23.28 AM.mp4,40,preprocessed_clean\validation_10fps_160x160\normal\WhatsApp Video 2026-09-09 at 11.23.28 AM_seq_0040.npz,10,160,160,16,16
validation,normal,0,WhatsApp Video 2026-09-09 at 11.23.28 AM.mp4,41,preprocessed_clean\validation_10fps_160x160\normal\WhatsApp Video 2026-09-09 at 11.23.28 AM_seq_0041.npz,10,160,160,16,16
validation,normal,0,WhatsApp Video 2026-09-09 at 11.23.28 AM.mp4,42,preprocessed_clean\validation_10fps_160x160\normal\WhatsApp Video 2026-09-09 at 11.23.28 AM_seq_0042.npz,10,160,160,16,16
validation,normal,0,WhatsApp Video 2026-09-09 at 11.23.28 AM.mp4,43,preprocessed_clean\validation_10fps_160x160\normal\WhatsApp Video 2026-09-09 at 11.23.28 AM_seq_0043.npz,10,160,160,16,16
validation,normal,0,WhatsApp Video 2026-09-09 at 11.23.28 AM.mp4,44,preprocessed_clean\validation_10fps_160x160\normal\WhatsApp Video 2026-09-09 at 11.23.28 AM_seq_0044.npz,10,160,160,16,16
validation,normal,0,WhatsApp Video 2026-09-09 at 11.23.28 AM.mp4,45,preprocessed_clean\validation_10fps_160x160\normal\WhatsApp Video 2026-09-09 at 11.23.28 AM_seq_0045.npz,10,160,160,16,16
validation,normal,0,WhatsApp Video 2026-09-09 at 11.23.28 AM.mp4,46,preprocessed_clean\validation_10fps_160x160\normal\WhatsApp Video 2026-09-09 at 11.23.28 AM_seq_0046.npz,10,160,160,16,16
validation,normal,0,WhatsApp Video 2026-09-09 at 11.23.28 AM.mp4,47,preprocessed_clean\validation_10fps_160x160\normal\WhatsApp Video 2026-09-09 at 11.23.28 AM_seq_0047.npz,10,160,160,16,16
validation,normal,0,WhatsApp Video 2026-09-09 at 11.23.28 AM.mp4,48,preprocessed_clean\validation_10fps_160x160\normal\WhatsApp Video 2026-09-09 at 11.23.28 AM_seq_0048.npz,10,160,160,16,16
validation,normal,0,WhatsApp Video 2026-09-09 at 11.23.28 AM.mp4,49,preprocessed_clean\validation_10fps_160x160\normal\WhatsApp Video 2026-09-09 at 11.23.28 AM_seq_0049.npz,10,160,160,16,16
validation,normal,0,WhatsApp Video 2026-09-09 at 11.23.28 AM.mp4,50,preprocessed_clean\validation_10fps_160x160\normal\WhatsApp Video 2026-09-09 at 11.23.28 AM_seq_0050.npz,10,160,160,16,16
validation,normal,0,WhatsApp Video 2026-09-09 at 11.23.28 AM.mp4,51,preprocessed_clean\validation_10fps_160x160\normal\WhatsApp Video 2026-09-09 at 11.23.28 AM_seq_0051.npz,10,160,160,16,16
validation,normal,0,WhatsApp Video 2026-09-09 at 11.23.28 AM.mp4,52,preprocessed_clean\validation_10fps_160x160\normal\WhatsApp Video 2026-09-09 at 11.23.28 AM_seq_0052.npz,10,160,160,16,16
validation,normal,0,WhatsApp Video 2026-09-09 at 11.23.28 AM.mp4,53,preprocessed_clean\validation_10fps_160x160\normal\WhatsApp Video 2026-09-09 at 11.23.28 AM_seq_0053.npz,10,160,160,16,16
validation,normal,0,WhatsApp Video 2026-09-09 at 11.23.28 AM.mp4,54,preprocessed_clean\validation_10fps_160x160\normal\WhatsApp Video 2026-09-09 at 11.23.28 AM_seq_0054.npz,10,160,160,16,16
validation,normal,0,WhatsApp Video 2026-09-09 at 11.23.28 AM.mp4,55,preprocessed_clean\validation_10fps_160x160\normal\WhatsApp Video 2026-09-09 at 11.23.28 AM_seq_0055.npz,10,160,160,16,16
validation,normal,0,WhatsApp Video 2026-09-09 at 11.23.28 AM.mp4,56,preprocessed_clean\validation_10fps_160x160\normal\WhatsApp Video 2026-09-09 at 11.23.28 AM_seq_0056.npz,10,160,160,16,16
validation,normal,0,WhatsApp Video 2026-09-09 at 11.23.28 AM.mp4,57,preprocessed_clean\validation_10fps_160x160\normal\WhatsApp Video 2026-09-09 at 11.23.28 AM_seq_0057.npz,10,160,160,16,16
validation,normal,0,WhatsApp Video 2026-09-09 at 11.23.28 AM.mp4,58,preprocessed_clean\validation_10fps_160x160\normal\WhatsApp Video 2026-09-09 at 11.23.28 AM_seq_0058.npz,10,160,160,16,16
validation,normal,0,WhatsApp Video 2026-09-09 at 11.23.28 AM.mp4,59,preprocessed_clean\validation_10fps_160x160\normal\WhatsApp Video 2026-09-09 at 11.23.28 AM_seq_0059.npz,10,160,160,16,16
validation,normal,0,WhatsApp Video 2026-09-09 at 11.23.28 AM.mp4,60,preprocessed_clean\validation_10fps_160x160\normal\WhatsApp Video 2026-09-09 at 11.23.28 AM_seq_0060.npz,10,160,160,16,16
validation,normal,0,WhatsApp Video 2026-09-09 at 11.23.28 AM.mp4,61,preprocessed_clean\validation_10fps_160x160\normal\WhatsApp Video 2026-09-09 at 11.23.28 AM_seq_0061.npz,10,160,160,16,16
validation,normal,0,WhatsApp Video 2026-09-09 at 11.23.28 AM.mp4,62,preprocessed_clean\validation_10fps_160x160\normal\WhatsApp Video 2026-09-09 at 11.23.28 AM_seq_0062.npz,10,160,160,16,16
validation,normal,0,WhatsApp Video 2026-09-09 at 11.23.28 AM.mp4,63,preprocessed_clean\validation_10fps_160x160\normal\WhatsApp Video 2026-09-09 at 11.23.28 AM_seq_0063.npz,10,160,160,16,16
validation,normal,0,WhatsApp Video 2026-09-09 at 11.23.28 AM.mp4,64,preprocessed_clean\validation_10fps_160x160\normal\WhatsApp Video 2026-09-09 at 11.23.28 AM_seq_0064.npz,10,160,160,16,16
validation,normal,0,WhatsApp Video 2026-09-09 at 11.23.28 AM.mp4,65,preprocessed_clean\validation_10fps_160x160\normal\WhatsApp Video 2026-09-09 at 11.23.28 AM_seq_0065.npz,10,160,160,16,16
validation,normal,0,WhatsApp Video 2026-09-09 at 11.23.28 AM.mp4,66,preprocessed_clean\validation_10fps_160x160\normal\WhatsApp Video 2026-09-09 at 11.23.28 AM_seq_0066.npz,10,160,160,16,16
validation,normal,0,WhatsApp Video 2026-09-09 at 11.23.28 AM.mp4,67,preprocessed_clean\validation_10fps_160x160\normal\WhatsApp Video 2026-09-09 at 11.23.28 AM_seq_0067.npz,10,160,160,16,16
validation,normal,0,WhatsApp Video 2026-09-09 at 11.23.28 AM.mp4,68,preprocessed_clean\validation_10fps_160x160\normal\WhatsApp Video 2026-09-09 at 11.23.28 AM_seq_0068.npz,10,160,160,16,16
validation,normal,0,WhatsApp Video 2026-09-09 at 11.23.28 AM.mp4,69,preprocessed_clean\validation_10fps_160x160\normal\WhatsApp Video 2026-09-09 at 11.23.28 AM_seq_0069.npz,10,160,160,16,16
validation,normal,0,WhatsApp Video 2026-09-09 at 11.23.28 AM.mp4,70,preprocessed_clean\validation_10fps_160x160\normal\WhatsApp Video 2026-09-09 at 11.23.28 AM_seq_0070.npz,10,160,160,16,16
validation,normal,0,WhatsApp Video 2026-09-09 at 11.23.28 AM.mp4,71,preprocessed_clean\validation_10fps_160x160\normal\WhatsApp Video 2026-09-09 at 11.23.28 AM_seq_0071.npz,10,160,160,16,16
validation,normal,0,WhatsApp Video 2026-09-09 at 11.23.28 AM.mp4,72,preprocessed_clean\validation_10fps_160x160\normal\WhatsApp Video 2026-09-09 at 11.23.28 AM_seq_0072.npz,10,160,160,16,16
validation,normal,0,WhatsApp Video 2026-09-09 at 11.23.28 AM.mp4,73,preprocessed_clean\validation_10fps_160x160\normal\WhatsApp Video 2026-09-09 at 11.23.28 AM_seq_0073.npz,10,160,160,16,16
validation,normal,0,WhatsApp Video 2026-09-09 at 11.23.28 AM.mp4,74,preprocessed_clean\validation_10fps_160x160\normal\WhatsApp Video 2026-09-09 at 11.23.28 AM_seq_0074.npz,10,160,160,16,16
validation,normal,0,WhatsApp Video 2026-09-09 at 11.23.28 AM.mp4,75,preprocessed_clean\validation_10fps_160x160\normal\WhatsApp Video 2026-09-09 at 11.23.28 AM_seq_0075.npz,10,160,160,16,16
validation,normal,0,WhatsApp Video 2026-09-09 at 11.23.28 AM.mp4,76,preprocessed_clean\validation_10fps_160x160\normal\WhatsApp Video 2026-09-09 at 11.23.28 AM_seq_0076.npz,10,160,160,16,16
validation,normal,0,WhatsApp Video 2026-09-09 at 11.23.28 AM.mp4,77,preprocessed_clean\validation_10fps_160x160\normal\WhatsApp Video 2026-09-09 at 11.23.28 AM_seq_0077.npz,10,160,160,16,16
validation,normal,0,WhatsApp Video 2026-09-09 at 11.23.28 AM.mp4,78,preprocessed_clean\validation_10fps_160x160\normal\WhatsApp Video 2026-09-09 at 11.23.28 AM_seq_0078.npz,10,160,160,16,16
validation,normal,0,WhatsApp Video 2026-09-09 at 11.23.28 AM.mp4,79,preprocessed_clean\validation_10fps_160x160\normal\WhatsApp Video 2026-09-09 at 11.23.28 AM_seq_0079.npz,10,160,160,16,16
validation,normal,0,WhatsApp Video 2026-09-09 at 11.23.28 AM.mp4,80,preprocessed_clean\validation_10fps_160x160\normal\WhatsApp Video 2026-09-09 at 11.23.28 AM_seq_0080.npz,10,160,160,16,16
validation,normal,0,WhatsApp Video 2026-09-09 at 11.23.28 AM.mp4,81,preprocessed_clean\validation_10fps_160x160\normal\WhatsApp Video 2026-09-09 at 11.23.28 AM_seq_0081.npz,10,160,160,16,16
validation,normal,0,WhatsApp Video 2026-09-09 at 11.23.28 AM.mp4,82,preprocessed_clean\validation_10fps_160x160\normal\WhatsApp Video 2026-09-09 at 11.23.28 AM_seq_0082.npz,10,160,160,16,16
validation,normal,0,WhatsApp Video 2026-09-09 at 11.23.28 AM.mp4,83,preprocessed_clean\validation_10fps_160x160\normal\WhatsApp Video 2026-09-09 at 11.23.28 AM_seq_0083.npz,10,160,160,16,16
validation,normal,0,WhatsApp Video 2026-09-09 at 11.23.28 AM.mp4,84,preprocessed_clean\validation_10fps_160x160\normal\WhatsApp Video 2026-09-09 at 11.23.28 AM_seq_0084.npz,10,160,160,16,16
validation,normal,0,WhatsApp Video 2026-09-09 at 11.23.28 AM.mp4,85,preprocessed_clean\validation_10fps_160x160\normal\WhatsApp Video 2026-09-09 at 11.23.28 AM_seq_0085.npz,10,160,160,16,16
validation,normal,0,WhatsApp Video 2026-09-09 at 11.23.28 AM.mp4,86,preprocessed_clean\validation_10fps_160x160\normal\WhatsApp Video 2026-09-09 at 11.23.28 AM_seq_0086.npz,10,160,160,16,16
validation,normal,0,WhatsApp Video 2026-09-09 at 11.23.28 AM.mp4,87,preprocessed_clean\validation_10fps_160x160\normal\WhatsApp Video 2026-09-09 at 11.23.28 AM_seq_0087.npz,10,160,160,16,16
validation,normal,0,WhatsApp Video 2026-09-09 at 11.23.28 AM.mp4,88,preprocessed_clean\validation_10fps_160x160\normal\WhatsApp Video 2026-09-09 at 11.23.28 AM_seq_0088.npz,10,160,160,16,16
validation,normal,0,WhatsApp Video 2026-09-09 at 11.23.28 AM.mp4,89,preprocessed_clean\validation_10fps_160x160\normal\WhatsApp Video 2026-09-09 at 11.23.28 AM_seq_0089.npz,10,160,160,16,16
validation,normal,0,WhatsApp Video 2026-09-09 at 11.23.28 AM.mp4,90,preprocessed_clean\validation_10fps_160x160\normal\WhatsApp Video 2026-09-09 at 11.23.28 AM_seq_0090.npz,10,160,160,16,16
validation,normal,0,WhatsApp Video 2026-09-09 at 11.23.28 AM.mp4,91,preprocessed_clean\validation_10fps_160x160\normal\WhatsApp Video 2026-09-09 at 11.23.28 AM_seq_0091.npz,10,160,160,16,16
validation,normal,0,WhatsApp Video 2026-09-09 at 11.23.28 AM.mp4,92,preprocessed_clean\validation_10fps_160x160\normal\WhatsApp Video 2026-09-09 at 11.23.28 AM_seq_0092.npz,10,160,160,16,16
test,accident,1,WhatsApp Video 2026-09-08 at 3.17.06 PM (1).mp4,0,preprocessed_clean\test_10fps_160x160\accident\WhatsApp Video 2026-09-08 at 3.17.06 PM (1)_seq_0000.npz,10,160,160,16,16
test,accident,1,WhatsApp Video 2026-09-08 at 3.17.06 PM (1).mp4,1,preprocessed_clean\test_10fps_160x160\accident\WhatsApp Video 2026-09-08 at 3.17.06 PM (1)_seq_0001.npz,10,160,160,16,16
test,accident,1,WhatsApp Video 2026-09-08 at 3.17.06 PM (2).mp4,0,preprocessed_clean\test_10fps_160x160\accident\WhatsApp Video 2026-09-08 at 3.17.06 PM (2)_seq_0000.npz,10,160,160,16,16
test,accident,1,WhatsApp Video 2026-09-08 at 3.17.06 PM (2).mp4,1,preprocessed_clean\test_10fps_160x160\accident\WhatsApp Video 2026-09-08 at 3.17.06 PM (2)_seq_0001.npz,10,160,160,16,16
test,accident,1,WhatsApp Video 2026-09-08 at 3.17.06 PM (2).mp4,2,preprocessed_clean\test_10fps_160x160\accident\WhatsApp Video 2026-09-08 at 3.17.06 PM (2)_seq_0002.npz,10,160,160,16,16
test,accident,1,WhatsApp Video 2026-09-08 at 3.17.09 PM (1).mp4,0,preprocessed_clean\test_10fps_160x160\accident\WhatsApp Video 2026-09-08 at 3.17.09 PM (1)_seq_0000.npz,10,160,160,16,16
test,accident,1,WhatsApp Video 2026-09-08 at 3.17.09 PM (1).mp4,1,preprocessed_clean\test_10fps_160x160\accident\WhatsApp Video 2026-09-08 at 3.17.09 PM (1)_seq_0001.npz,10,160,160,16,16
test,accident,1,WhatsApp Video 2026-09-08 at 3.17.09 PM (1).mp4,2,preprocessed_clean\test_10fps_160x160\accident\WhatsApp Video 2026-09-08 at 3.17.09 PM (1)_seq_0002.npz,10,160,160,16,16
test,accident,1,WhatsApp Video 2026-09-08 at 3.17.09 PM.mp4,0,preprocessed_clean\test_10fps_160x160\accident\WhatsApp Video 2026-09-08 at 3.17.09 PM_seq_0000.npz,10,160,160,16,16
test,accident,1,WhatsApp Video 2026-09-08 at 3.17.09 PM.mp4,1,preprocessed_clean\test_10fps_160x160\accident\WhatsApp Video 2026-09-08 at 3.17.09 PM_seq_0001.npz,10,160,160,16,16
test,accident,1,WhatsApp Video 2026-09-08 at 3.17.09 PM.mp4,2,preprocessed_clean\test_10fps_160x160\accident\WhatsApp Video 2026-09-08 at 3.17.09 PM_seq_0002.npz,10,160,160,16,16
test,accident,1,WhatsApp Video 2026-09-08 at 3.17.10 PM (1).mp4,0,preprocessed_clean\test_10fps_160x160\accident\WhatsApp Video 2026-09-08 at 3.17.10 PM (1)_seq_0000.npz,10,160,160,16,16
test,accident,1,WhatsApp Video 2026-09-08 at 3.17.10 PM (1).mp4,1,preprocessed_clean\test_10fps_160x160\accident\WhatsApp Video 2026-09-08 at 3.17.10 PM (1)_seq_0001.npz,10,160,160,16,16
test,accident,1,WhatsApp Video 2026-09-08 at 3.17.10 PM (1).mp4,2,preprocessed_clean\test_10fps_160x160\accident\WhatsApp Video 2026-09-08 at 3.17.10 PM (1)_seq_0002.npz,10,160,160,16,16
test,accident,1,WhatsApp Video 2026-09-08 at 3.17.11 PM (2).mp4,0,preprocessed_clean\test_10fps_160x160\accident\WhatsApp Video 2026-09-08 at 3.17.11 PM (2)_seq_0000.npz,10,160,160,16,16
test,accident,1,WhatsApp Video 2026-09-08 at 3.17.11 PM (2).mp4,1,preprocessed_clean\test_10fps_160x160\accident\WhatsApp Video 2026-09-08 at 3.17.11 PM (2)_seq_0001.npz,10,160,160,16,16
test,accident,1,WhatsApp Video 2026-09-08 at 3.17.11 PM (2).mp4,2,preprocessed_clean\test_10fps_160x160\accident\WhatsApp Video 2026-09-08 at 3.17.11 PM (2)_seq_0002.npz,10,160,160,16,16
test,accident,1,WhatsApp Video 2026-09-08 at 3.22.38 PM.mp4,0,preprocessed_clean\test_10fps_160x160\accident\WhatsApp Video 2026-09-08 at 3.22.38 PM_seq_0000.npz,10,160,160,16,16
test,accident,1,WhatsApp Video 2026-09-08 at 3.22.38 PM.mp4,1,preprocessed_clean\test_10fps_160x160\accident\WhatsApp Video 2026-09-08 at 3.22.38 PM_seq_0001.npz,10,160,160,16,16
test,accident,1,WhatsApp Video 2026-09-08 at 3.22.38 PM.mp4,2,preprocessed_clean\test_10fps_160x160\accident\WhatsApp Video 2026-09-08 at 3.22.38 PM_seq_0002.npz,10,160,160,16,16
test,accident,1,WhatsApp Video 2026-09-08 at 3.22.38 PM.mp4,3,preprocessed_clean\test_10fps_160x160\accident\WhatsApp Video 2026-09-08 at 3.22.38 PM_seq_0003.npz,10,160,160,16,16
test,accident,1,WhatsApp Video 2026-09-08 at 3.22.40 PM (1).mp4,0,preprocessed_clean\test_10fps_160x160\accident\WhatsApp Video 2026-09-08 at 3.22.40 PM (1)_seq_0000.npz,10,160,160,16,16
test,accident,1,WhatsApp Video 2026-09-08 at 3.22.40 PM (1).mp4,1,preprocessed_clean\test_10fps_160x160\accident\WhatsApp Video 2026-09-08 at 3.22.40 PM (1)_seq_0001.npz,10,160,160,16,16
test,accident,1,WhatsApp Video 2026-09-08 at 3.22.41 PM (2).mp4,0,preprocessed_clean\test_10fps_160x160\accident\WhatsApp Video 2026-09-08 at 3.22.41 PM (2)_seq_0000.npz,10,160,160,16,16
test,accident,1,WhatsApp Video 2026-09-08 at 3.22.41 PM (2).mp4,1,preprocessed_clean\test_10fps_160x160\accident\WhatsApp Video 2026-09-08 at 3.22.41 PM (2)_seq_0001.npz,10,160,160,16,16
test,accident,1,WhatsApp Video 2026-09-08 at 3.22.41 PM (2).mp4,2,preprocessed_clean\test_10fps_160x160\accident\WhatsApp Video 2026-09-08 at 3.22.41 PM (2)_seq_0002.npz,10,160,160,16,16
test,accident,1,WhatsApp Video 2026-09-08 at 3.22.41 PM (2).mp4,3,preprocessed_clean\test_10fps_160x160\accident\WhatsApp Video 2026-09-08 at 3.22.41 PM (2)_seq_0003.npz,10,160,160,16,16
test,accident,1,WhatsApp Video 2026-09-08 at 3.22.41 PM (2).mp4,4,preprocessed_clean\test_10fps_160x160\accident\WhatsApp Video 2026-09-08 at 3.22.41 PM (2)_seq_0004.npz,10,160,160,16,16
test,accident,1,WhatsApp Video 2026-09-09 at 10.08.48 PM.mp4,0,preprocessed_clean\test_10fps_160x160\accident\WhatsApp Video 2026-09-09 at 10.08.48 PM_seq_0000.npz,10,160,160,16,16
test,accident,1,WhatsApp Video 2026-09-09 at 10.08.48 PM.mp4,1,preprocessed_clean\test_10fps_160x160\accident\WhatsApp Video 2026-09-09 at 10.08.48 PM_seq_0001.npz,10,160,160,16,16
test,accident,1,WhatsApp Video 2026-09-09 at 10.08.48 PM.mp4,2,preprocessed_clean\test_10fps_160x160\accident\WhatsApp Video 2026-09-09 at 10.08.48 PM_seq_0002.npz,10,160,160,16,16
test,accident,1,WhatsApp Video 2026-09-09 at 10.21.42 PM.mp4,0,preprocessed_clean\test_10fps_160x160\accident\WhatsApp Video 2026-09-09 at 10.21.42 PM_seq_0000.npz,10,160,160,16,16
test,accident,1,WhatsApp Video 2026-09-09 at 10.21.42 PM.mp4,1,preprocessed_clean\test_10fps_160x160\accident\WhatsApp Video 2026-09-09 at 10.21.42 PM_seq_0001.npz,10,160,160,16,16
test,accident,1,WhatsApp Video 2026-09-09 at 10.21.42 PM.mp4,2,preprocessed_clean\test_10fps_160x160\accident\WhatsApp Video 2026-09-09 at 10.21.42 PM_seq_0002.npz,10,160,160,16,16
test,accident,1,WhatsApp Video 2026-09-09 at 10.21.42 PM.mp4,3,preprocessed_clean\test_10fps_160x160\accident\WhatsApp Video 2026-09-09 at 10.21.42 PM_seq_0003.npz,10,160,160,16,16
test,accident,1,WhatsApp Video 2026-09-09 at 9.59.59 PM (1).mp4,0,preprocessed_clean\test_10fps_160x160\accident\WhatsApp Video 2026-09-09 at 9.59.59 PM (1)_seq_0000.npz,10,160,160,16,16
test,accident,1,WhatsApp Video 2026-09-09 at 9.59.59 PM (1).mp4,1,preprocessed_clean\test_10fps_160x160\accident\WhatsApp Video 2026-09-09 at 9.59.59 PM (1)_seq_0001.npz,10,160,160,16,16
test,accident,1,WhatsApp Video 2026-09-09 at 9.59.59 PM (1).mp4,2,preprocessed_clean\test_10fps_160x160\accident\WhatsApp Video 2026-09-09 at 9.59.59 PM (1)_seq_0002.npz,10,160,160,16,16
test,accident,1,WhatsApp Video 2026-09-09 at 9.59.59 PM.mp4,0,preprocessed_clean\test_10fps_160x160\accident\WhatsApp Video 2026-09-09 at 9.59.59 PM_seq_0000.npz,10,160,160,16,16
test,accident,1,WhatsApp Video 2026-09-09 at 9.59.59 PM.mp4,1,preprocessed_clean\test_10fps_160x160\accident\WhatsApp Video 2026-09-09 at 9.59.59 PM_seq_0001.npz,10,160,160,16,16
test,normal,0,WhatsApp Video 2026-09-08 at 3.34.59 PM (1).mp4,0,preprocessed_clean\test_10fps_160x160\normal\WhatsApp Video 2026-09-08 at 3.34.59 PM (1)_seq_0000.npz,10,160,160,16,16
test,normal,0,WhatsApp Video 2026-09-08 at 3.34.59 PM (1).mp4,1,preprocessed_clean\test_10fps_160x160\normal\WhatsApp Video 2026-09-08 at 3.34.59 PM (1)_seq_0001.npz,10,160,160,16,16
test,normal,0,WhatsApp Video 2026-09-08 at 3.34.59 PM (1).mp4,2,preprocessed_clean\test_10fps_160x160\normal\WhatsApp Video 2026-09-08 at 3.34.59 PM (1)_seq_0002.npz,10,160,160,16,16
test,normal,0,WhatsApp Video 2026-09-08 at 3.34.59 PM (1).mp4,3,preprocessed_clean\test_10fps_160x160\normal\WhatsApp Video 2026-09-08 at 3.34.59 PM (1)_seq_0003.npz,10,160,160,16,16
test,normal,0,WhatsApp Video 2026-09-08 at 3.34.59 PM (1).mp4,4,preprocessed_clean\test_10fps_160x160\normal\WhatsApp Video 2026-09-08 at 3.34.59 PM (1)_seq_0004.npz,10,160,160,16,16
test,normal,0,WhatsApp Video 2026-09-08 at 3.34.59 PM (1).mp4,5,preprocessed_clean\test_10fps_160x160\normal\WhatsApp Video 2026-09-08 at 3.34.59 PM (1)_seq_0005.npz,10,160,160,16,16
test,normal,0,WhatsApp Video 2026-09-08 at 3.34.59 PM (1).mp4,6,preprocessed_clean\test_10fps_160x160\normal\WhatsApp Video 2026-09-08 at 3.34.59 PM (1)_seq_0006.npz,10,160,160,16,16
test,normal,0,WhatsApp Video 2026-09-08 at 3.34.59 PM (1).mp4,7,preprocessed_clean\test_10fps_160x160\normal\WhatsApp Video 2026-09-08 at 3.34.59 PM (1)_seq_0007.npz,10,160,160,16,16
test,normal,0,WhatsApp Video 2026-09-08 at 3.34.59 PM (1).mp4,8,preprocessed_clean\test_10fps_160x160\normal\WhatsApp Video 2026-09-08 at 3.34.59 PM (1)_seq_0008.npz,10,160,160,16,16
test,normal,0,WhatsApp Video 2026-09-08 at 3.34.59 PM (1).mp4,9,preprocessed_clean\test_10fps_160x160\normal\WhatsApp Video 2026-09-08 at 3.34.59 PM (1)_seq_0009.npz,10,160,160,16,16
test,normal,0,WhatsApp Video 2026-09-08 at 3.34.59 PM (1).mp4,10,preprocessed_clean\test_10fps_160x160\normal\WhatsApp Video 2026-09-08 at 3.34.59 PM (1)_seq_0010.npz,10,160,160,16,16
test,normal,0,WhatsApp Video 2026-09-08 at 3.34.59 PM (1).mp4,11,preprocessed_clean\test_10fps_160x160\normal\WhatsApp Video 2026-09-08 at 3.34.59 PM (1)_seq_0011.npz,10,160,160,16,16
test,normal,0,WhatsApp Video 2026-09-08 at 3.34.59 PM (1).mp4,12,preprocessed_clean\test_10fps_160x160\normal\WhatsApp Video 2026-09-08 at 3.34.59 PM (1)_seq_0012.npz,10,160,160,16,16
test,normal,0,WhatsApp Video 2026-09-08 at 3.34.59 PM (1).mp4,13,preprocessed_clean\test_10fps_160x160\normal\WhatsApp Video 2026-09-08 at 3.34.59 PM (1)_seq_0013.npz,10,160,160,16,16
test,normal,0,WhatsApp Video 2026-09-08 at 3.34.59 PM (1).mp4,14,preprocessed_clean\test_10fps_160x160\normal\WhatsApp Video 2026-09-08 at 3.34.59 PM (1)_seq_0014.npz,10,160,160,16,16
test,normal,0,WhatsApp Video 2026-09-08 at 3.34.59 PM (1).mp4,15,preprocessed_clean\test_10fps_160x160\normal\WhatsApp Video 2026-09-08 at 3.34.59 PM (1)_seq_0015.npz,10,160,160,16,16
test,normal,0,WhatsApp Video 2026-09-08 at 3.34.59 PM (1).mp4,16,preprocessed_clean\test_10fps_160x160\normal\WhatsApp Video 2026-09-08 at 3.34.59 PM (1)_seq_0016.npz,10,160,160,16,16
test,normal,0,WhatsApp Video 2026-09-08 at 3.34.59 PM (1).mp4,17,preprocessed_clean\test_10fps_160x160\normal\WhatsApp Video 2026-09-08 at 3.34.59 PM (1)_seq_0017.npz,10,160,160,16,16
test,normal,0,WhatsApp Video 2026-09-08 at 3.34.59 PM (1).mp4,18,preprocessed_clean\test_10fps_160x160\normal\WhatsApp Video 2026-09-08 at 3.34.59 PM (1)_seq_0018.npz,10,160,160,16,16
test,normal,0,WhatsApp Video 2026-09-08 at 3.34.59 PM (1).mp4,19,preprocessed_clean\test_10fps_160x160\normal\WhatsApp Video 2026-09-08 at 3.34.59 PM (1)_seq_0019.npz,10,160,160,16,16
test,normal,0,WhatsApp Video 2026-09-08 at 3.34.59 PM (1).mp4,20,preprocessed_clean\test_10fps_160x160\normal\WhatsApp Video 2026-09-08 at 3.34.59 PM (1)_seq_0020.npz,10,160,160,16,16
test,normal,0,WhatsApp Video 2026-09-08 at 3.34.59 PM (1).mp4,21,preprocessed_clean\test_10fps_160x160\normal\WhatsApp Video 2026-09-08 at 3.34.59 PM (1)_seq_0021.npz,10,160,160,16,16
test,normal,0,WhatsApp Video 2026-09-08 at 3.34.59 PM (1).mp4,22,preprocessed_clean\test_10fps_160x160\normal\WhatsApp Video 2026-09-08 at 3.34.59 PM (1)_seq_0022.npz,10,160,160,16,16
test,normal,0,WhatsApp Video 2026-09-08 at 3.34.59 PM (1).mp4,23,preprocessed_clean\test_10fps_160x160\normal\WhatsApp Video 2026-09-08 at 3.34.59 PM (1)_seq_0023.npz,10,160,160,16,16
test,normal,0,WhatsApp Video 2026-09-08 at 3.34.59 PM (1).mp4,24,preprocessed_clean\test_10fps_160x160\normal\WhatsApp Video 2026-09-08 at 3.34.59 PM (1)_seq_0024.npz,10,160,160,16,16
test,normal,0,WhatsApp Video 2026-09-08 at 3.34.59 PM (1).mp4,25,preprocessed_clean\test_10fps_160x160\normal\WhatsApp Video 2026-09-08 at 3.34.59 PM (1)_seq_0025.npz,10,160,160,16,16
test,normal,0,WhatsApp Video 2026-09-08 at 3.34.59 PM (1).mp4,26,preprocessed_clean\test_10fps_160x160\normal\WhatsApp Video 2026-09-08 at 3.34.59 PM (1)_seq_0026.npz,10,160,160,16,16
test,normal,0,WhatsApp Video 2026-09-08 at 3.34.59 PM (1).mp4,27,preprocessed_clean\test_10fps_160x160\normal\WhatsApp Video 2026-09-08 at 3.34.59 PM (1)_seq_0027.npz,10,160,160,16,16
test,normal,0,WhatsApp Video 2026-09-08 at 3.34.59 PM (1).mp4,28,preprocessed_clean\test_10fps_160x160\normal\WhatsApp Video 2026-09-08 at 3.34.59 PM (1)_seq_0028.npz,10,160,160,16,16
test,normal,0,WhatsApp Video 2026-09-08 at 3.34.59 PM (1).mp4,29,preprocessed_clean\test_10fps_160x160\normal\WhatsApp Video 2026-09-08 at 3.34.59 PM (1)_seq_0029.npz,10,160,160,16,16
test,normal,0,WhatsApp Video 2026-09-08 at 3.34.59 PM (1).mp4,30,preprocessed_clean\test_10fps_160x160\normal\WhatsApp Video 2026-09-08 at 3.34.59 PM (1)_seq_0030.npz,10,160,160,16,16
test,normal,0,WhatsApp Video 2026-09-08 at 3.34.59 PM (1).mp4,31,preprocessed_clean\test_10fps_160x160\normal\WhatsApp Video 2026-09-08 at 3.34.59 PM (1)_seq_0031.npz,10,160,160,16,16
test,normal,0,WhatsApp Video 2026-09-08 at 3.34.59 PM (1).mp4,32,preprocessed_clean\test_10fps_160x160\normal\WhatsApp Video 2026-09-08 at 3.34.59 PM (1)_seq_0032.npz,10,160,160,16,16
test,normal,0,WhatsApp Video 2026-09-08 at 3.34.59 PM (1).mp4,33,preprocessed_clean\test_10fps_160x160\normal\WhatsApp Video 2026-09-08 at 3.34.59 PM (1)_seq_0033.npz,10,160,160,16,16
test,normal,0,WhatsApp Video 2026-09-08 at 3.34.59 PM (1).mp4,34,preprocessed_clean\test_10fps_160x160\normal\WhatsApp Video 2026-09-08 at 3.34.59 PM (1)_seq_0034.npz,10,160,160,16,16
test,normal,0,WhatsApp Video 2026-09-08 at 3.34.59 PM (1).mp4,35,preprocessed_clean\test_10fps_160x160\normal\WhatsApp Video 2026-09-08 at 3.34.59 PM (1)_seq_0035.npz,10,160,160,16,16
test,normal,0,WhatsApp Video 2026-09-08 at 3.34.59 PM (1).mp4,36,preprocessed_clean\test_10fps_160x160\normal\WhatsApp Video 2026-09-08 at 3.34.59 PM (1)_seq_0036.npz,10,160,160,16,16
test,normal,0,WhatsApp Video 2026-09-08 at 3.34.59 PM (1).mp4,37,preprocessed_clean\test_10fps_160x160\normal\WhatsApp Video 2026-09-08 at 3.34.59 PM (1)_seq_0037.npz,10,160,160,16,16
test,normal,0,WhatsApp Video 2026-09-08 at 3.34.59 PM (1).mp4,38,preprocessed_clean\test_10fps_160x160\normal\WhatsApp Video 2026-09-08 at 3.34.59 PM (1)_seq_0038.npz,10,160,160,16,16
test,normal,0,WhatsApp Video 2026-09-08 at 3.34.59 PM (1).mp4,39,preprocessed_clean\test_10fps_160x160\normal\WhatsApp Video 2026-09-08 at 3.34.59 PM (1)_seq_0039.npz,10,160,160,16,16
test,normal,0,WhatsApp Video 2026-09-08 at 3.34.59 PM (1).mp4,40,preprocessed_clean\test_10fps_160x160\normal\WhatsApp Video 2026-09-08 at 3.34.59 PM (1)_seq_0040.npz,10,160,160,16,16
test,normal,0,WhatsApp Video 2026-09-08 at 3.34.59 PM (1).mp4,41,preprocessed_clean\test_10fps_160x160\normal\WhatsApp Video 2026-09-08 at 3.34.59 PM (1)_seq_0041.npz,10,160,160,16,16
test,normal,0,WhatsApp Video 2026-09-08 at 3.34.59 PM (1).mp4,42,preprocessed_clean\test_10fps_160x160\normal\WhatsApp Video 2026-09-08 at 3.34.59 PM (1)_seq_0042.npz,10,160,160,16,16
test,normal,0,WhatsApp Video 2026-09-08 at 3.34.59 PM (1).mp4,43,preprocessed_clean\test_10fps_160x160\normal\WhatsApp Video 2026-09-08 at 3.34.59 PM (1)_seq_0043.npz,10,160,160,16,16
test,normal,0,WhatsApp Video 2026-09-08 at 3.34.59 PM (1).mp4,44,preprocessed_clean\test_10fps_160x160\normal\WhatsApp Video 2026-09-08 at 3.34.59 PM (1)_seq_0044.npz,10,160,160,16,16
test,normal,0,WhatsApp Video 2026-09-08 at 3.34.59 PM (1).mp4,45,preprocessed_clean\test_10fps_160x160\normal\WhatsApp Video 2026-09-08 at 3.34.59 PM (1)_seq_0045.npz,10,160,160,16,16
test,normal,0,WhatsApp Video 2026-09-08 at 3.34.59 PM (1).mp4,46,preprocessed_clean\test_10fps_160x160\normal\WhatsApp Video 2026-09-08 at 3.34.59 PM (1)_seq_0046.npz,10,160,160,16,16
test,normal,0,WhatsApp Video 2026-09-08 at 3.34.59 PM (1).mp4,47,preprocessed_clean\test_10fps_160x160\normal\WhatsApp Video 2026-09-08 at 3.34.59 PM (1)_seq_0047.npz,10,160,160,16,16
test,normal,0,WhatsApp Video 2026-09-08 at 3.34.59 PM (1).mp4,48,preprocessed_clean\test_10fps_160x160\normal\WhatsApp Video 2026-09-08 at 3.34.59 PM (1)_seq_0048.npz,10,160,160,16,16
test,normal,0,WhatsApp Video 2026-09-08 at 3.34.59 PM (1).mp4,49,preprocessed_clean\test_10fps_160x160\normal\WhatsApp Video 2026-09-08 at 3.34.59 PM (1)_seq_0049.npz,10,160,160,16,16
test,normal,0,WhatsApp Video 2026-09-08 at 3.34.59 PM (1).mp4,50,preprocessed_clean\test_10fps_160x160\normal\WhatsApp Video 2026-09-08 at 3.34.59 PM (1)_seq_0050.npz,10,160,160,16,16
test,normal,0,WhatsApp Video 2026-09-08 at 3.34.59 PM (1).mp4,51,preprocessed_clean\test_10fps_160x160\normal\WhatsApp Video 2026-09-08 at 3.34.59 PM (1)_seq_0051.npz,10,160,160,16,16
test,normal,0,WhatsApp Video 2026-09-08 at 3.34.59 PM (1).mp4,52,preprocessed_clean\test_10fps_160x160\normal\WhatsApp Video 2026-09-08 at 3.34.59 PM (1)_seq_0052.npz,10,160,160,16,16
test,normal,0,WhatsApp Video 2026-09-08 at 3.34.59 PM (1).mp4,53,preprocessed_clean\test_10fps_160x160\normal\WhatsApp Video 2026-09-08 at 3.34.59 PM (1)_seq_0053.npz,10,160,160,16,16
test,normal,0,WhatsApp Video 2026-09-08 at 3.34.59 PM (1).mp4,54,preprocessed_clean\test_10fps_160x160\normal\WhatsApp Video 2026-09-08 at 3.34.59 PM (1)_seq_0054.npz,10,160,160,16,16
test,normal,0,WhatsApp Video 2026-09-08 at 3.34.59 PM (1).mp4,55,preprocessed_clean\test_10fps_160x160\normal\WhatsApp Video 2026-09-08 at 3.34.59 PM (1)_seq_0055.npz,10,160,160,16,16
test,normal,0,WhatsApp Video 2026-09-08 at 3.34.59 PM (1).mp4,56,preprocessed_clean\test_10fps_160x160\normal\WhatsApp Video 2026-09-08 at 3.34.59 PM (1)_seq_0056.npz,10,160,160,16,16
test,normal,0,WhatsApp Video 2026-09-08 at 3.34.59 PM (1).mp4,57,preprocessed_clean\test_10fps_160x160\normal\WhatsApp Video 2026-09-08 at 3.34.59 PM (1)_seq_0057.npz,10,160,160,16,16
test,normal,0,WhatsApp Video 2026-09-08 at 3.34.59 PM (1).mp4,58,preprocessed_clean\test_10fps_160x160\normal\WhatsApp Video 2026-09-08 at 3.34.59 PM (1)_seq_0058.npz,10,160,160,16,16
test,normal,0,WhatsApp Video 2026-09-08 at 3.34.59 PM (1).mp4,59,preprocessed_clean\test_10fps_160x160\normal\WhatsApp Video 2026-09-08 at 3.34.59 PM (1)_seq_0059.npz,10,160,160,16,16
test,normal,0,WhatsApp Video 2026-09-08 at 3.34.59 PM (1).mp4,60,preprocessed_clean\test_10fps_160x160\normal\WhatsApp Video 2026-09-08 at 3.34.59 PM (1)_seq_0060.npz,10,160,160,16,16
test,normal,0,WhatsApp Video 2026-09-08 at 3.34.59 PM (1).mp4,61,preprocessed_clean\test_10fps_160x160\normal\WhatsApp Video 2026-09-08 at 3.34.59 PM (1)_seq_0061.npz,10,160,160,16,16
test,normal,0,WhatsApp Video 2026-09-08 at 3.34.59 PM (1).mp4,62,preprocessed_clean\test_10fps_160x160\normal\WhatsApp Video 2026-09-08 at 3.34.59 PM (1)_seq_0062.npz,10,160,160,16,16
test,normal,0,WhatsApp Video 2026-09-08 at 3.34.59 PM (1).mp4,63,preprocessed_clean\test_10fps_160x160\normal\WhatsApp Video 2026-09-08 at 3.34.59 PM (1)_seq_0063.npz,10,160,160,16,16
test,normal,0,WhatsApp Video 2026-09-08 at 3.34.59 PM (1).mp4,64,preprocessed_clean\test_10fps_160x160\normal\WhatsApp Video 2026-09-08 at 3.34.59 PM (1)_seq_0064.npz,10,160,160,16,16
test,normal,0,WhatsApp Video 2026-09-08 at 3.34.59 PM (1).mp4,65,preprocessed_clean\test_10fps_160x160\normal\WhatsApp Video 2026-09-08 at 3.34.59 PM (1)_seq_0065.npz,10,160,160,16,16
test,normal,0,WhatsApp Video 2026-09-08 at 3.34.59 PM (1).mp4,66,preprocessed_clean\test_10fps_160x160\normal\WhatsApp Video 2026-09-08 at 3.34.59 PM (1)_seq_0066.npz,10,160,160,16,16
test,normal,0,WhatsApp Video 2026-09-08 at 3.34.59 PM (1).mp4,67,preprocessed_clean\test_10fps_160x160\normal\WhatsApp Video 2026-09-08 at 3.34.59 PM (1)_seq_0067.npz,10,160,160,16,16
test,normal,0,WhatsApp Video 2026-09-08 at 3.34.59 PM (1).mp4,68,preprocessed_clean\test_10fps_160x160\normal\WhatsApp Video 2026-09-08 at 3.34.59 PM (1)_seq_0068.npz,10,160,160,16,16
test,normal,0,WhatsApp Video 2026-09-08 at 3.34.59 PM (1).mp4,69,preprocessed_clean\test_10fps_160x160\normal\WhatsApp Video 2026-09-08 at 3.34.59 PM (1)_seq_0069.npz,10,160,160,16,16
test,normal,0,WhatsApp Video 2026-09-08 at 3.34.59 PM (1).mp4,70,preprocessed_clean\test_10fps_160x160\normal\WhatsApp Video 2026-09-08 at 3.34.59 PM (1)_seq_0070.npz,10,160,160,16,16
test,normal,0,WhatsApp Video 2026-09-08 at 3.34.59 PM (1).mp4,71,preprocessed_clean\test_10fps_160x160\normal\WhatsApp Video 2026-09-08 at 3.34.59 PM (1)_seq_0071.npz,10,160,160,16,16
test,normal,0,WhatsApp Video 2026-09-08 at 3.34.59 PM (1).mp4,72,preprocessed_clean\test_10fps_160x160\normal\WhatsApp Video 2026-09-08 at 3.34.59 PM (1)_seq_0072.npz,10,160,160,16,16
test,normal,0,WhatsApp Video 2026-09-08 at 3.34.59 PM (1).mp4,73,preprocessed_clean\test_10fps_160x160\normal\WhatsApp Video 2026-09-08 at 3.34.59 PM (1)_seq_0073.npz,10,160,160,16,16
test,normal,0,WhatsApp Video 2026-09-08 at 3.34.59 PM (1).mp4,74,preprocessed_clean\test_10fps_160x160\normal\WhatsApp Video 2026-09-08 at 3.34.59 PM (1)_seq_0074.npz,10,160,160,16,16
test,normal,0,WhatsApp Video 2026-09-08 at 3.34.59 PM (1).mp4,75,preprocessed_clean\test_10fps_160x160\normal\WhatsApp Video 2026-09-08 at 3.34.59 PM (1)_seq_0075.npz,10,160,160,16,16
test,normal,0,WhatsApp Video 2026-09-08 at 3.34.59 PM (1).mp4,76,preprocessed_clean\test_10fps_160x160\normal\WhatsApp Video 2026-09-08 at 3.34.59 PM (1)_seq_0076.npz,10,160,160,16,16
test,normal,0,WhatsApp Video 2026-09-08 at 3.34.59 PM (1).mp4,77,preprocessed_clean\test_10fps_160x160\normal\WhatsApp Video 2026-09-08 at 3.34.59 PM (1)_seq_0077.npz,10,160,160,16,16
test,normal,0,WhatsApp Video 2026-09-08 at 3.34.59 PM (1).mp4,78,preprocessed_clean\test_10fps_160x160\normal\WhatsApp Video 2026-09-08 at 3.34.59 PM (1)_seq_0078.npz,10,160,160,16,16
test,normal,0,WhatsApp Video 2026-09-08 at 9.33.51 PM.mp4,0,preprocessed_clean\test_10fps_160x160\normal\WhatsApp Video 2026-09-08 at 9.33.51 PM_seq_0000.npz,10,160,160,16,16
test,normal,0,WhatsApp Video 2026-09-08 at 9.33.51 PM.mp4,1,preprocessed_clean\test_10fps_160x160\normal\WhatsApp Video 2026-09-08 at 9.33.51 PM_seq_0001.npz,10,160,160,16,16
test,normal,0,WhatsApp Video 2026-09-08 at 9.33.51 PM.mp4,2,preprocessed_clean\test_10fps_160x160\normal\WhatsApp Video 2026-09-08 at 9.33.51 PM_seq_0002.npz,10,160,160,16,16
test,normal,0,WhatsApp Video 2026-09-08 at 9.33.51 PM.mp4,3,preprocessed_clean\test_10fps_160x160\normal\WhatsApp Video 2026-09-08 at 9.33.51 PM_seq_0003.npz,10,160,160,16,16
test,normal,0,WhatsApp Video 2026-09-08 at 9.33.51 PM.mp4,4,preprocessed_clean\test_10fps_160x160\normal\WhatsApp Video 2026-09-08 at 9.33.51 PM_seq_0004.npz,10,160,160,16,16
test,normal,0,WhatsApp Video 2026-09-08 at 9.33.51 PM.mp4,5,preprocessed_clean\test_10fps_160x160\normal\WhatsApp Video 2026-09-08 at 9.33.51 PM_seq_0005.npz,10,160,160,16,16
test,normal,0,WhatsApp Video 2026-09-08 at 9.33.51 PM.mp4,6,preprocessed_clean\test_10fps_160x160\normal\WhatsApp Video 2026-09-08 at 9.33.51 PM_seq_0006.npz,10,160,160,16,16
test,normal,0,WhatsApp Video 2026-09-08 at 9.33.51 PM.mp4,7,preprocessed_clean\test_10fps_160x160\normal\WhatsApp Video 2026-09-08 at 9.33.51 PM_seq_0007.npz,10,160,160,16,16
test,normal,0,WhatsApp Video 2026-09-08 at 9.33.51 PM.mp4,8,preprocessed_clean\test_10fps_160x160\normal\WhatsApp Video 2026-09-08 at 9.33.51 PM_seq_0008.npz,10,160,160,16,16
test,normal,0,WhatsApp Video 2026-09-08 at 9.35.07 PM.mp4,0,preprocessed_clean\test_10fps_160x160\normal\WhatsApp Video 2026-09-08 at 9.35.07 PM_seq_0000.npz,10,160,160,16,16
test,normal,0,WhatsApp Video 2026-09-08 at 9.35.07 PM.mp4,1,preprocessed_clean\test_10fps_160x160\normal\WhatsApp Video 2026-09-08 at 9.35.07 PM_seq_0001.npz,10,160,160,16,16
test,normal,0,WhatsApp Video 2026-09-08 at 9.35.07 PM.mp4,2,preprocessed_clean\test_10fps_160x160\normal\WhatsApp Video 2026-09-08 at 9.35.07 PM_seq_0002.npz,10,160,160,16,16
test,normal,0,WhatsApp Video 2026-09-08 at 9.35.07 PM.mp4,3,preprocessed_clean\test_10fps_160x160\normal\WhatsApp Video 2026-09-08 at 9.35.07 PM_seq_0003.npz,10,160,160,16,16
test,normal,0,WhatsApp Video 2026-09-08 at 9.35.07 PM.mp4,4,preprocessed_clean\test_10fps_160x160\normal\WhatsApp Video 2026-09-08 at 9.35.07 PM_seq_0004.npz,10,160,160,16,16
test,normal,0,WhatsApp Video 2026-09-08 at 9.35.07 PM.mp4,5,preprocessed_clean\test_10fps_160x160\normal\WhatsApp Video 2026-09-08 at 9.35.07 PM_seq_0005.npz,10,160,160,16,16
test,normal,0,WhatsApp Video 2026-09-08 at 9.35.07 PM.mp4,6,preprocessed_clean\test_10fps_160x160\normal\WhatsApp Video 2026-09-08 at 9.35.07 PM_seq_0006.npz,10,160,160,16,16
test,normal,0,WhatsApp Video 2026-09-08 at 9.35.07 PM.mp4,7,preprocessed_clean\test_10fps_160x160\normal\WhatsApp Video 2026-09-08 at 9.35.07 PM_seq_0007.npz,10,160,160,16,16
test,normal,0,WhatsApp Video 2026-09-08 at 9.35.07 PM.mp4,8,preprocessed_clean\test_10fps_160x160\normal\WhatsApp Video 2026-09-08 at 9.35.07 PM_seq_0008.npz,10,160,160,16,16
test,normal,0,WhatsApp Video 2026-09-08 at 9.36.59 PM.mp4,0,preprocessed_clean\test_10fps_160x160\normal\WhatsApp Video 2026-09-08 at 9.36.59 PM_seq_0000.npz,10,160,160,16,16
test,normal,0,WhatsApp Video 2026-09-08 at 9.36.59 PM.mp4,1,preprocessed_clean\test_10fps_160x160\normal\WhatsApp Video 2026-09-08 at 9.36.59 PM_seq_0001.npz,10,160,160,16,16
test,normal,0,WhatsApp Video 2026-09-08 at 9.36.59 PM.mp4,2,preprocessed_clean\test_10fps_160x160\normal\WhatsApp Video 2026-09-08 at 9.36.59 PM_seq_0002.npz,10,160,160,16,16
test,normal,0,WhatsApp Video 2026-09-08 at 9.36.59 PM.mp4,3,preprocessed_clean\test_10fps_160x160\normal\WhatsApp Video 2026-09-08 at 9.36.59 PM_seq_0003.npz,10,160,160,16,16
test,normal,0,WhatsApp Video 2026-09-08 at 9.36.59 PM.mp4,4,preprocessed_clean\test_10fps_160x160\normal\WhatsApp Video 2026-09-08 at 9.36.59 PM_seq_0004.npz,10,160,160,16,16
test,normal,0,WhatsApp Video 2026-09-08 at 9.36.59 PM.mp4,5,preprocessed_clean\test_10fps_160x160\normal\WhatsApp Video 2026-09-08 at 9.36.59 PM_seq_0005.npz,10,160,160,16,16
test,normal,0,WhatsApp Video 2026-09-08 at 9.36.59 PM.mp4,6,preprocessed_clean\test_10fps_160x160\normal\WhatsApp Video 2026-09-08 at 9.36.59 PM_seq_0006.npz,10,160,160,16,16
test,normal,0,WhatsApp Video 2026-09-08 at 9.36.59 PM.mp4,7,preprocessed_clean\test_10fps_160x160\normal\WhatsApp Video 2026-09-08 at 9.36.59 PM_seq_0007.npz,10,160,160,16,16
test,normal,0,WhatsApp Video 2026-09-08 at 9.36.59 PM.mp4,8,preprocessed_clean\test_10fps_160x160\normal\WhatsApp Video 2026-09-08 at 9.36.59 PM_seq_0008.npz,10,160,160,16,16
test,normal,0,WhatsApp Video 2026-09-09 at 11.20.31 AM.mp4,0,preprocessed_clean\test_10fps_160x160\normal\WhatsApp Video 2026-09-09 at 11.20.31 AM_seq_0000.npz,10,160,160,16,16
test,normal,0,WhatsApp Video 2026-09-09 at 11.20.31 AM.mp4,1,preprocessed_clean\test_10fps_160x160\normal\WhatsApp Video 2026-09-09 at 11.20.31 AM_seq_0001.npz,10,160,160,16,16
test,normal,0,WhatsApp Video 2026-09-09 at 11.20.31 AM.mp4,2,preprocessed_clean\test_10fps_160x160\normal\WhatsApp Video 2026-09-09 at 11.20.31 AM_seq_0002.npz,10,160,160,16,16
test,normal,0,WhatsApp Video 2026-09-09 at 11.20.31 AM.mp4,3,preprocessed_clean\test_10fps_160x160\normal\WhatsApp Video 2026-09-09 at 11.20.31 AM_seq_0003.npz,10,160,160,16,16
test,normal,0,WhatsApp Video 2026-09-09 at 11.20.31 AM.mp4,4,preprocessed_clean\test_10fps_160x160\normal\WhatsApp Video 2026-09-09 at 11.20.31 AM_seq_0004.npz,10,160,160,16,16
test,normal,0,WhatsApp Video 2026-09-09 at 11.20.31 AM.mp4,5,preprocessed_clean\test_10fps_160x160\normal\WhatsApp Video 2026-09-09 at 11.20.31 AM_seq_0005.npz,10,160,160,16,16
test,normal,0,WhatsApp Video 2026-09-09 at 11.20.31 AM.mp4,6,preprocessed_clean\test_10fps_160x160\normal\WhatsApp Video 2026-09-09 at 11.20.31 AM_seq_0006.npz,10,160,160,16,16
test,normal,0,WhatsApp Video 2026-09-09 at 11.20.31 AM.mp4,7,preprocessed_clean\test_10fps_160x160\normal\WhatsApp Video 2026-09-09 at 11.20.31 AM_seq_0007.npz,10,160,160,16,16
test,normal,0,WhatsApp Video 2026-09-09 at 11.20.31 AM.mp4,8,preprocessed_clean\test_10fps_160x160\normal\WhatsApp Video 2026-09-09 at 11.20.31 AM_seq_0008.npz,10,160,160,16,16
test,normal,0,WhatsApp Video 2026-09-09 at 11.20.31 AM.mp4,9,preprocessed_clean\test_10fps_160x160\normal\WhatsApp Video 2026-09-09 at 11.20.31 AM_seq_0009.npz,10,160,160,16,16
test,normal,0,WhatsApp Video 2026-09-09 at 11.20.31 AM.mp4,10,preprocessed_clean\test_10fps_160x160\normal\WhatsApp Video 2026-09-09 at 11.20.31 AM_seq_0010.npz,10,160,160,16,16
test,normal,0,WhatsApp Video 2026-09-09 at 11.20.31 AM.mp4,11,preprocessed_clean\test_10fps_160x160\normal\WhatsApp Video 2026-09-09 at 11.20.31 AM_seq_0011.npz,10,160,160,16,16
test,normal,0,WhatsApp Video 2026-09-09 at 11.21.10 AM.mp4,0,preprocessed_clean\test_10fps_160x160\normal\WhatsApp Video 2026-09-09 at 11.21.10 AM_seq_0000.npz,10,160,160,16,16
test,normal,0,WhatsApp Video 2026-09-09 at 11.21.10 AM.mp4,1,preprocessed_clean\test_10fps_160x160\normal\WhatsApp Video 2026-09-09 at 11.21.10 AM_seq_0001.npz,10,160,160,16,16
test,normal,0,WhatsApp Video 2026-09-09 at 11.21.10 AM.mp4,2,preprocessed_clean\test_10fps_160x160\normal\WhatsApp Video 2026-09-09 at 11.21.10 AM_seq_0002.npz,10,160,160,16,16
test,normal,0,WhatsApp Video 2026-09-09 at 11.21.10 AM.mp4,3,preprocessed_clean\test_10fps_160x160\normal\WhatsApp Video 2026-09-09 at 11.21.10 AM_seq_0003.npz,10,160,160,16,16
test,normal,0,WhatsApp Video 2026-09-09 at 11.21.10 AM.mp4,4,preprocessed_clean\test_10fps_160x160\normal\WhatsApp Video 2026-09-09 at 11.21.10 AM_seq_0004.npz,10,160,160,16,16
test,normal,0,WhatsApp Video 2026-09-09 at 11.21.10 AM.mp4,5,preprocessed_clean\test_10fps_160x160\normal\WhatsApp Video 2026-09-09 at 11.21.10 AM_seq_0005.npz,10,160,160,16,16
test,normal,0,WhatsApp Video 2026-09-09 at 11.21.10 AM.mp4,6,preprocessed_clean\test_10fps_160x160\normal\WhatsApp Video 2026-09-09 at 11.21.10 AM_seq_0006.npz,10,160,160,16,16
test,normal,0,WhatsApp Video 2026-09-09 at 11.21.10 AM.mp4,7,preprocessed_clean\test_10fps_160x160\normal\WhatsApp Video 2026-09-09 at 11.21.10 AM_seq_0007.npz,10,160,160,16,16
test,normal,0,WhatsApp Video 2026-09-09 at 11.21.10 AM.mp4,8,preprocessed_clean\test_10fps_160x160\normal\WhatsApp Video 2026-09-09 at 11.21.10 AM_seq_0008.npz,10,160,160,16,16
test,normal,0,WhatsApp Video 2026-09-09 at 11.21.10 AM.mp4,9,preprocessed_clean\test_10fps_160x160\normal\WhatsApp Video 2026-09-09 at 11.21.10 AM_seq_0009.npz,10,160,160,16,16
test,normal,0,WhatsApp Video 2026-09-09 at 11.21.10 AM.mp4,10,preprocessed_clean\test_10fps_160x160\normal\WhatsApp Video 2026-09-09 at 11.21.10 AM_seq_0010.npz,10,160,160,16,16
test,normal,0,WhatsApp Video 2026-09-09 at 11.21.10 AM.mp4,11,preprocessed_clean\test_10fps_160x160\normal\WhatsApp Video 2026-09-09 at 11.21.10 AM_seq_0011.npz,10,160,160,16,16
test,normal,0,WhatsApp Video 2026-09-09 at 11.21.33 AM.mp4,0,preprocessed_clean\test_10fps_160x160\normal\WhatsApp Video 2026-09-09 at 11.21.33 AM_seq_0000.npz,10,160,160,16,16
test,normal,0,WhatsApp Video 2026-09-09 at 11.21.33 AM.mp4,1,preprocessed_clean\test_10fps_160x160\normal\WhatsApp Video 2026-09-09 at 11.21.33 AM_seq_0001.npz,10,160,160,16,16
test,normal,0,WhatsApp Video 2026-09-09 at 11.21.33 AM.mp4,2,preprocessed_clean\test_10fps_160x160\normal\WhatsApp Video 2026-09-09 at 11.21.33 AM_seq_0002.npz,10,160,160,16,16
test,normal,0,WhatsApp Video 2026-09-09 at 11.21.33 AM.mp4,3,preprocessed_clean\test_10fps_160x160\normal\WhatsApp Video 2026-09-09 at 11.21.33 AM_seq_0003.npz,10,160,160,16,16
test,normal,0,WhatsApp Video 2026-09-09 at 11.21.33 AM.mp4,4,preprocessed_clean\test_10fps_160x160\normal\WhatsApp Video 2026-09-09 at 11.21.33 AM_seq_0004.npz,10,160,160,16,16
test,normal,0,WhatsApp Video 2026-09-09 at 11.21.33 AM.mp4,5,preprocessed_clean\test_10fps_160x160\normal\WhatsApp Video 2026-09-09 at 11.21.33 AM_seq_0005.npz,10,160,160,16,16
test,normal,0,WhatsApp Video 2026-09-09 at 11.21.33 AM.mp4,6,preprocessed_clean\test_10fps_160x160\normal\WhatsApp Video 2026-09-09 at 11.21.33 AM_seq_0006.npz,10,160,160,16,16
test,normal,0,WhatsApp Video 2026-09-09 at 11.21.33 AM.mp4,7,preprocessed_clean\test_10fps_160x160\normal\WhatsApp Video 2026-09-09 at 11.21.33 AM_seq_0007.npz,10,160,160,16,16
test,normal,0,WhatsApp Video 2026-09-09 at 11.21.33 AM.mp4,8,preprocessed_clean\test_10fps_160x160\normal\WhatsApp Video 2026-09-09 at 11.21.33 AM_seq_0008.npz,10,160,160,16,16
test,normal,0,WhatsApp Video 2026-09-09 at 11.21.33 AM.mp4,9,preprocessed_clean\test_10fps_160x160\normal\WhatsApp Video 2026-09-09 at 11.21.33 AM_seq_0009.npz,10,160,160,16,16
test,normal,0,WhatsApp Video 2026-09-09 at 11.21.33 AM.mp4,10,preprocessed_clean\test_10fps_160x160\normal\WhatsApp Video 2026-09-09 at 11.21.33 AM_seq_0010.npz,10,160,160,16,16
test,normal,0,WhatsApp Video 2026-09-09 at 11.21.33 AM.mp4,11,preprocessed_clean\test_10fps_160x160\normal\WhatsApp Video 2026-09-09 at 11.21.33 AM_seq_0011.npz,10,160,160,16,16
test,normal,0,WhatsApp Video 2026-09-09 at 11.21.33 AM.mp4,12,preprocessed_clean\test_10fps_160x160\normal\WhatsApp Video 2026-09-09 at 11.21.33 AM_seq_0012.npz,10,160,160,16,16
test,normal,0,WhatsApp Video 2026-09-09 at 11.21.43 AM.mp4,0,preprocessed_clean\test_10fps_160x160\normal\WhatsApp Video 2026-09-09 at 11.21.43 AM_seq_0000.npz,10,160,160,16,16
test,normal,0,WhatsApp Video 2026-09-09 at 11.21.43 AM.mp4,1,preprocessed_clean\test_10fps_160x160\normal\WhatsApp Video 2026-09-09 at 11.21.43 AM_seq_0001.npz,10,160,160,16,16
test,normal,0,WhatsApp Video 2026-09-09 at 11.21.43 AM.mp4,2,preprocessed_clean\test_10fps_160x160\normal\WhatsApp Video 2026-09-09 at 11.21.43 AM_seq_0002.npz,10,160,160,16,16
test,normal,0,WhatsApp Video 2026-09-09 at 11.21.43 AM.mp4,3,preprocessed_clean\test_10fps_160x160\normal\WhatsApp Video 2026-09-09 at 11.21.43 AM_seq_0003.npz,10,160,160,16,16
test,normal,0,WhatsApp Video 2026-09-09 at 11.21.43 AM.mp4,4,preprocessed_clean\test_10fps_160x160\normal\WhatsApp Video 2026-09-09 at 11.21.43 AM_seq_0004.npz,10,160,160,16,16
test,normal,0,WhatsApp Video 2026-09-09 at 11.21.43 AM.mp4,5,preprocessed_clean\test_10fps_160x160\normal\WhatsApp Video 2026-09-09 at 11.21.43 AM_seq_0005.npz,10,160,160,16,16
test,normal,0,WhatsApp Video 2026-09-09 at 11.21.43 AM.mp4,6,preprocessed_clean\test_10fps_160x160\normal\WhatsApp Video 2026-09-09 at 11.21.43 AM_seq_0006.npz,10,160,160,16,16
test,normal,0,WhatsApp Video 2026-09-09 at 11.21.43 AM.mp4,7,preprocessed_clean\test_10fps_160x160\normal\WhatsApp Video 2026-09-09 at 11.21.43 AM_seq_0007.npz,10,160,160,16,16
test,normal,0,WhatsApp Video 2026-09-09 at 11.21.43 AM.mp4,8,preprocessed_clean\test_10fps_160x160\normal\WhatsApp Video 2026-09-09 at 11.21.43 AM_seq_0008.npz,10,160,160,16,16
test,normal,0,WhatsApp Video 2026-09-09 at 11.21.43 AM.mp4,9,preprocessed_clean\test_10fps_160x160\normal\WhatsApp Video 2026-09-09 at 11.21.43 AM_seq_0009.npz,10,160,160,16,16
test,normal,0,WhatsApp Video 2026-09-09 at 11.21.43 AM.mp4,10,preprocessed_clean\test_10fps_160x160\normal\WhatsApp Video 2026-09-09 at 11.21.43 AM_seq_0010.npz,10,160,160,16,16
test,normal,0,WhatsApp Video 2026-09-09 at 11.21.43 AM.mp4,11,preprocessed_clean\test_10fps_160x160\normal\WhatsApp Video 2026-09-09 at 11.21.43 AM_seq_0011.npz,10,160,160,16,16
test,normal,0,WhatsApp Video 2026-09-09 at 11.22.13 AM.mp4,0,preprocessed_clean\test_10fps_160x160\normal\WhatsApp Video 2026-09-09 at 11.22.13 AM_seq_0000.npz,10,160,160,16,16
test,normal,0,WhatsApp Video 2026-09-09 at 11.22.13 AM.mp4,1,preprocessed_clean\test_10fps_160x160\normal\WhatsApp Video 2026-09-09 at 11.22.13 AM_seq_0001.npz,10,160,160,16,16
test,normal,0,WhatsApp Video 2026-09-09 at 11.22.13 AM.mp4,2,preprocessed_clean\test_10fps_160x160\normal\WhatsApp Video 2026-09-09 at 11.22.13 AM_seq_0002.npz,10,160,160,16,16
test,normal,0,WhatsApp Video 2026-09-09 at 11.22.13 AM.mp4,3,preprocessed_clean\test_10fps_160x160\normal\WhatsApp Video 2026-09-09 at 11.22.13 AM_seq_0003.npz,10,160,160,16,16
test,normal,0,WhatsApp Video 2026-09-09 at 11.22.13 AM.mp4,4,preprocessed_clean\test_10fps_160x160\normal\WhatsApp Video 2026-09-09 at 11.22.13 AM_seq_0004.npz,10,160,160,16,16
test,normal,0,WhatsApp Video 2026-09-09 at 11.22.13 AM.mp4,5,preprocessed_clean\test_10fps_160x160\normal\WhatsApp Video 2026-09-09 at 11.22.13 AM_seq_0005.npz,10,160,160,16,16
test,normal,0,WhatsApp Video 2026-09-09 at 11.22.13 AM.mp4,6,preprocessed_clean\test_10fps_160x160\normal\WhatsApp Video 2026-09-09 at 11.22.13 AM_seq_0006.npz,10,160,160,16,16
test,normal,0,WhatsApp Video 2026-09-09 at 11.22.13 AM.mp4,7,preprocessed_clean\test_10fps_160x160\normal\WhatsApp Video 2026-09-09 at 11.22.13 AM_seq_0007.npz,10,160,160,16,16
test,normal,0,WhatsApp Video 2026-09-09 at 11.22.13 AM.mp4,8,preprocessed_clean\test_10fps_160x160\normal\WhatsApp Video 2026-09-09 at 11.22.13 AM_seq_0008.npz,10,160,160,16,16
test,normal,0,WhatsApp Video 2026-09-09 at 11.22.13 AM.mp4,9,preprocessed_clean\test_10fps_160x160\normal\WhatsApp Video 2026-09-09 at 11.22.13 AM_seq_0009.npz,10,160,160,16,16
test,normal,0,WhatsApp Video 2026-09-09 at 11.22.13 AM.mp4,10,preprocessed_clean\test_10fps_160x160\normal\WhatsApp Video 2026-09-09 at 11.22.13 AM_seq_0010.npz,10,160,160,16,16
test,normal,0,WhatsApp Video 2026-09-09 at 11.22.13 AM.mp4,11,preprocessed_clean\test_10fps_160x160\normal\WhatsApp Video 2026-09-09 at 11.22.13 AM_seq_0011.npz,10,160,160,16,16
test,normal,0,WhatsApp Video 2026-09-09 at 11.23.12 AM.mp4,0,preprocessed_clean\test_10fps_160x160\normal\WhatsApp Video 2026-09-09 at 11.23.12 AM_seq_0000.npz,10,160,160,16,16
test,normal,0,WhatsApp Video 2026-09-09 at 11.23.12 AM.mp4,1,preprocessed_clean\test_10fps_160x160\normal\WhatsApp Video 2026-09-09 at 11.23.12 AM_seq_0001.npz,10,160,160,16,16
test,normal,0,WhatsApp Video 2026-09-09 at 11.23.12 AM.mp4,2,preprocessed_clean\test_10fps_160x160\normal\WhatsApp Video 2026-09-09 at 11.23.12 AM_seq_0002.npz,10,160,160,16,16
test,normal,0,WhatsApp Video 2026-09-09 at 11.23.12 AM.mp4,3,preprocessed_clean\test_10fps_160x160\normal\WhatsApp Video 2026-09-09 at 11.23.12 AM_seq_0003.npz,10,160,160,16,16
test,normal,0,WhatsApp Video 2026-09-09 at 11.23.12 AM.mp4,4,preprocessed_clean\test_10fps_160x160\normal\WhatsApp Video 2026-09-09 at 11.23.12 AM_seq_0004.npz,10,160,160,16,16
test,normal,0,WhatsApp Video 2026-09-09 at 11.23.12 AM.mp4,5,preprocessed_clean\test_10fps_160x160\normal\WhatsApp Video 2026-09-09 at 11.23.12 AM_seq_0005.npz,10,160,160,16,16
test,normal,0,WhatsApp Video 2026-09-09 at 11.23.12 AM.mp4,6,preprocessed_clean\test_10fps_160x160\normal\WhatsApp Video 2026-09-09 at 11.23.12 AM_seq_0006.npz,10,160,160,16,16
test,normal,0,WhatsApp Video 2026-09-09 at 11.23.12 AM.mp4,7,preprocessed_clean\test_10fps_160x160\normal\WhatsApp Video 2026-09-09 at 11.23.12 AM_seq_0007.npz,10,160,160,16,16
test,normal,0,WhatsApp Video 2026-09-09 at 11.23.12 AM.mp4,8,preprocessed_clean\test_10fps_160x160\normal\WhatsApp Video 2026-09-09 at 11.23.12 AM_seq_0008.npz,10,160,160,16,16
test,normal,0,WhatsApp Video 2026-09-09 at 11.23.12 AM.mp4,9,preprocessed_clean\test_10fps_160x160\normal\WhatsApp Video 2026-09-09 at 11.23.12 AM_seq_0009.npz,10,160,160,16,16
test,normal,0,WhatsApp Video 2026-09-09 at 11.23.12 AM.mp4,10,preprocessed_clean\test_10fps_160x160\normal\WhatsApp Video 2026-09-09 at 11.23.12 AM_seq_0010.npz,10,160,160,16,16
test,normal,0,WhatsApp Video 2026-09-09 at 11.23.12 AM.mp4,11,preprocessed_clean\test_10fps_160x160\normal\WhatsApp Video 2026-09-09 at 11.23.12 AM_seq_0011.npz,10,160,160,16,16
